# KD11-B microprogram flow, K-MP-KD11-B-1 rev A, 27-JUL-72: 22 pages in the October 1973
# PDP-11/05 engineering drawing set (M7261 rev E). Transcribed by eye from the scan, page by
# page, in printed order. Despite its name the "flow" is a commented listing: a routine
# heading (printed with a leading *), comments (printed with a leading /) and one line per
# microword giving its address, next address, tag and what it does.
#
#   PAGE     <page>
#   ROUTINE  <heading as printed>  <category>
#   NOTE     <comment as printed>
#   WORD     <LOC>  <NXT>  <TAG>  <what it does>
#
# Printer glyphs are written as meant: the arrow as U+2190, the dash in a tag as -, the
# statement separator as ;, a slashed zero as 0. Spelling, abbreviations and the document's
# own slips are kept as printed. Page 1 is the revision control sheet and is not transcribed.
#
# The CATEGORY column is NOT printed in the document. It is this project's grouping of the
# routines, one of FETCH SOURCE DESTINATION EXECUTE TRAP CONSOLE POWER SERVICE.
#
# Every WORD line's LOC, NXT and TAG is checked against the listing by Kd11bFlowTest. They
# agree for all 201 microwords the flow shows; page 22 names the 13 it does not.
PAGE	02
NOTE	NOTES ON NOTATION:
NOTE	1. MICROROUTINES BEGIN WITH A COMMENT
NOTE	THE FIRST CHARACTER OF WHICH IS '*'.
NOTE	2. ALL OTHER COMMENTS BEGIN WITH '/'.
NOTE	3. R[N] REFERRS SCRATCH PAD REGISTER N.
NOTE	R[7] IS ALSO REFERRED TO AS 'PC'.
NOTE	4. R[S] REFERRS TO THAT REGISTER SPECIFIED
NOTE	IN THE SOURCE PORTION OF THE CURRENT INST.
NOTE	(IR<11:9>). LIKEWISE, R[D] REFERRS TO THAT
NOTE	REG SPECIFIED IN THE DESTINATION PORTION OF
NOTE	THE CURRENT INST. (IR<2:0>).
NOTE	5. K[N] REFERRS TO THAT LOCATION OF THE
NOTE	CONSTANTS CHIP CONTAINING THE CONSTANT N.
NOTE	6. 'BUT' STANDS FOR 'BRANCH ON MICRO TEST'.
ROUTINE	INSTRUCTION FETCH	FETCH
WORD	062	053	F-1	BA←PC; DATI
WORD	053	365	F-2	B←PC+2
WORD	365	364	F-3	PC←B; CKOFF
WORD	364	061	F-4	B,IR←UNIBUS DATA
WORD	061	001	F-5	B←B SEX; BUT IR DECODE
NOTE	IF DOUBLE OP INST GOTO S0-1 THRU S7-1 DEPENDING ON SOURCE MODE
NOTE	IF SINGLE OP INST GOTO D0-1 THRU D7-1 DEPENDING ON DEST MODE (INCLUDING JSR)
NOTE	IF BRANCH, CHANGE PC GOTO B-1
NOTE	IF BRANCH, PC UNCHANGED GOTO B2-2
NOTE	IF CLEAR OR SET COND CODE(S) GOTO CCM-1
NOTE	IF INST=RTS GOTO R1-1
NOTE	IF INST=RTI GOTO R2-1
NOTE	IF INST=WAIT GOTO W-1
NOTE	IF INST=HALT GOTO H-1
NOTE	IF INST=RESET GOTO RST-1
NOTE	IF INST=EMT GOTO ET-1
NOTE	IF INST=BREAKPOINT TRAP GOTO BT-1
NOTE	IF INST=IOT GOTO IT-1
NOTE	IF INST=TRAP GOTO T-1
NOTE	IF RESERVED INST (NONE OF THE ABOVE) GOTO RT-1
PAGE	03
ROUTINE	SOURCE MODE 0 (REGISTER), GET SOURCE DATA	SOURCE
NOTE	GET TO S0-1 FROM F-5 VIA BUT IR DECODE IR<11:9>=0
WORD	201	007	S0-1	B←R[S]; BUT BYTE
NOTE	IF BYTE INST GOTO SBE-1 (MUST BE EVEN BYTE)
WORD	007	001	S0-2	R[10]←B; BUT DESTINATION
NOTE	IF IR<5:3> =0 GOTO D0-1
NOTE	=1 D1-1
NOTE	=2 D2-1
NOTE	=3 D3-1
NOTE	=4 D4-1
NOTE	=5 D5-1
NOTE	=6 D6-1
NOTE	=7 D7-1
ROUTINE	SOURCE MODE 1 (REG. DEFERRED) GET SOURCE DATA	SOURCE
NOTE	GET TO S1-1 FROM F-5 VIA BUT IR DECODE IR<11:9>
WORD	203	244	S1-1	BA←R[S]; DATI; CKOFF; ALBYT
NOTE	GET TO S1-2 FROM S2-3 VIA GOTO
NOTE	" S3-5 "
NOTE	" S6-5 "
WORD	244	007	S1-2	B←UNIBUS DATA; BUT BYTE; GOTO S0-2
NOTE	IF ODD BYTE GOTO SBO-1
NOTE	IF EVEN BYTE GOTO SBE-1
NOTE	IF NOT BYTE FALL THROUGH TO S0-2
ROUTINE	SOURCE MODE 2 (AUTO-INC.) GET SOURCE DATA	SOURCE
NOTE	GET TO S2-1 FROM F-5 VIA BUT IR DECODE IR<11:9>=2
WORD	205	301	S2-1	BA←R[S]; DATI; ALBYT
WORD	301	014	S2-2	B←R[S]+1+BYTE,BAR
NOTE	GET TO S2-3 FROM S4-1 VIA GOTO
WORD	014	244	S2-3	R[S]←B; CKOFF; GOTO S1-2
ROUTINE	SOURCE MODE 3 (AUTO-INC DEFERRED) GET SOURCE DATA	SOURCE
NOTE	GET TO S3-1 FROM F-5 VIA BUT IR DECODE IR<11:9>=3
WORD	207	016	S3-1	BA←R[S]; DATI (MUST BE AN EVEN ADDRESS HERE)
WORD	016	017	S3-2	B←R[S]+2
PAGE	04
NOTE	GET TO S3-3 FROM S5-1 VIA GOTO
WORD	017	134	S3-3	R[S]←B; CKOFF
NOTE	GET TO S3-4 FROM S7-5 VIA GOTO
WORD	134	274	S3-4	B←UNIBUS DATA
WORD	274	244	S3-5	BA←B; DATI; CKOFF; GOTO S1-2; ALBYT
ROUTINE	SOURCE MODE 4 (AUTO-DEC) GET SOURCE DATA	SOURCE
NOTE	GET TO S4-1 FROM F-5 VIA BUT IR DECODE IR<11:9>=4
WORD	211	014	S4-1	B,BA←R[S]-1-BYTE,BAR; DATI; ENABOVER; GOTO S2-3; ALBYT
ROUTINE	SOURCE MODE 5 (AUTO-DEC DEFERRED) GET SOURCE DATA	SOURCE
NOTE	GET TO S5-1 FROM F-5 VIA BUT IR DECODE IR<11:9>=5
WORD	213	017	S5-1	B,BA←R[S]-2; DATI(MUST BE AN EVEN ADDRESS HERE); ENABOVER; GOTO S3-3
ROUTINE	SOURCE MODE 6 (INDEXED) GET SOURCE DATA	SOURCE
NOTE	GET TO S6-1 FROM F-5 VIA BUT IR DECODE IR<11:9>=6
WORD	215	025	S6-1	BA←PC; DATI(MUST BE EVEN ADDRESS HERE)
WORD	025	026	S6-2	B←PC+2
WORD	026	027	S6-3	PC←B; CKOFF
WORD	027	030	S6-4	B←UNIBUS DATA
WORD	030	244	S6-5	BA←B+R[S]; DATI; CKOFF; GOTO S1-2; ALBYT
ROUTINE	SOURCE MODE 7 (INDEXED DEFERRED) GET SOURCE DATA	SOURCE
NOTE	GET TO S7-1 FROM F-5 VIA BUT IR DECODE IR<11:9>=7
WORD	217	032	S7-1	BA←PC; DATI(MUST BE AN EVEN ADDRESS HERE)
WORD	032	033	S7-2	B←PC+2
WORD	033	034	S7-3	PC←B; CKOFF
WORD	034	035	S7-4	B←UNIBUS DATA
WORD	035	134	S7-5	BA←B+R[S]; DATI(MUST BE AN EVEN ADDRES) ; CKOFF; GOTO S3-4
PAGE	05
ROUTINE	SOURCE BYTE ODD	SOURCE
NOTE	GETE TO SBO-1 FROM S1-2 VIA BUT BYTE (BYTE INST, AND SOURCE DATA ODD ADDR)
WORD	067	346	SBO-1	SHIFT B RIGHT; F SHIFT
WORD	346	324	SBO-2	SHIFT B RIGHT; F SHIFT
WORD	324	340	SBO-3	SHIFT B RIGHT; F SHIFT
WORD	340	361	SBO-4	SHIFT B RIGHT; F SHIFT
WORD	361	050	SBO-5	SHIFT B RIGHT; F SHIFT
WORD	050	020	SBO-6	SHFIT B RIGHT; F SHIFT
WORD	020	052	SBO-7	SHIFT B RIGHT; F SHIFT
WORD	052	047	SBO-8	SHIFT B RIGHT; GOTO SBE-1
ROUTINE	SOURCE EVEN BYTE	SOURCE
NOTE	GET TO SBE-1 FROM SBO-8 VIA GOTO
NOTE	GET TO SBE-1 FROM S1-2 VIA BUT BYTE, (BYTE INST AND SOURCE DATA EVEN ADDR)
NOTE	GET TO SBE-1 FROM S0-1 VIA BUT BYTE, (BYTE INST.)
WORD	047	001	SBE-1	R[10]←B SEX; BUT DESTINATION
NOTE	IF IF<5:3> =0 GOTO D0-1
NOTE	" =1 " D1-1
NOTE	" =2 " D2-1
NOTE	" =3 " D3-1
NOTE	" =4 " D4-1
NOTE	" =5 " D5-1
NOTE	" =6 " D6-1
NOTE	" =7 " D7-1
ROUTINE	DEST. MODE 0 (REGISTER), GET DEST DATA, OP, AND REPLACE	DESTINATION
NOTE	GET TO D0-1 FROM S0-2 VIA BUT DESTINATION (IR<5:3>=0)
NOTE	GET TO D0-1 FROM SBE-1 VIA BUT DESTINATION (IR<5:3>=0)
WORD	101	154	D0-1	B←R[D]; BUT MOVE
NOTE	IF INST=MOVE,BAR (OTHER THAN MOVE) AND BYTE GOTO DB0-1
NOTE	IF INST=MOVE AND BYTE GOTO MB-0
NOTE	IF INST=MOVE AND BYTE,BAR GOTO D0-3A
NOTE	IF INST=MOVE,BAR AND BYTE,BAR FALL THROUGH TO D0-2
WORD	157	142	D0-2	R[11]←B; BUT UNARY
NOTE	IF INST=JMP OR JSR GOTO ERT-1 (ILLEGAL INST, TRAP)
NOTE	IF INST=SWAB GOTO SB1-1
NOTE	IF INST=OTHER UNARY(CLR,COM,INC,DEC,NEG,ADC,SBC,TST,ROR,ROL,ASR,ASL) GOTO U1-1
NOTE	GET TO D0-3 FROM U1-1 VIA GOTO
NOTE	GET TO D0-3 FROM D0-1 VIA BUT BYTE (INST=MOVE AND BYTE,BAR)
PAGE	06
WORD	162	332	D0-3	B←R[10] OP B; BUT NONMOD
NOTE	SEE DESCRIPTION OF AUXILLARY ALU CONTROL (AUX CONTROL)
NOTE	FOR MORE DETAILS ON WHAT 'OP' ACCOMPLISHES
NOTE	THERE EXISTS A D03-A WHICH IS IDENTICAL TO D0-3 EXCEPT LOC=155
NOTE	GET TO D0-3A FROM SB1-8 VIA GOTO
NOTE	IF NONMOD GOTO B2-2 (BUT SERVICE)
NOTE	IF NOT NONMOD FALL THROUGH TO D0-4
NOTE	GET TO D0-4 FROM R1-6 VIA GOTO
WORD	332	040	D0-4	R[D]←B; BUT SERVICE
NOTE	PRIORITIES ARE LISTED HIGHEST TO LOWEST
NOTE	IF T BIT TRAP GOTO BT-1
NOTE	IF STACK OVERFLOW GOTO ERT1A
NOTE	IF POWERFAIL GOTO PF-1
NOTE	IF BR7 GOTO BG-1
NOTE	IF BR6 GOTO BG-1
NOTE	IF INTERNAL LINE CLOCK GOTO LC-1
NOTE	IF BR5 GOTO BG-1
NOTE	IF BR4 GOTO BG-1
NOTE	IF UATR RECEIVE GOTO URTR
NOTE	IF UART TRANSMIT GOTO URTX
NOTE	IF CONSOLE STOP GOTO H-1
NOTE	IF NONE OF THE ABOVE GOTO F-1
ROUTINE	DEST. MODE 1 (REG.DEFERRED) GET DEST DATA, OP, AND REPLACE	DESTINATION
NOTE	GET TO D1-1 FROM S0-2 VIA BUT DESTINATION (IR<5:3>=1)
NOTE	GET TO D1-1 FROM SBE-1 VIA BUT DESTINATION (IR<5:3>=1)
WORD	103	200	D1-1	B,BA←R[D]; DATIP; BUT JSRMP; ALBT; CKOFF
NOTE	NOTE DATA IN PAUSE HERE
NOTE	IF INST=JMP GOTO J1-1
NOTE	IF INST=JSR GOTO J2-1
NOTE	IF INST NOT JMP OR JSR FALL THROUGH TO D1-2
NOTE	GET DO D1-2 FROM D2-3 VIA GOTO
NOTE	GET TO D1-2 FROM D3-5 VIA GOTO
NOTE	GET TO D1-2 FROM D6-5 VIA GOTO
WORD	200	210	D1-2	B←UNIBUS DATA; BUT BYTE
NOTE	IF ODD BYTE GOTO DO-1
NOTE	IF EVEN BYTE GO TO DE-1
NOTE	IF NOT BYTE FALL THROUGH TO D1-3
WORD	210	143	D1-3	R[11]←B; BUT UNARY
NOTE	IF INST=SWAB GOTO SB2-1
NOTE	IF INST=OTHER UNARY (CLR, COM,INC,DEC,NEG,ADC, SBC,TST,ROR,ROL,ASR,ASL) GOTO U2-1
NOTE	GET TO D1-4 FROM DE-1 VIA BUT UNARY (NON UNARY)
NOTE	GET TO D1-4 FROM U2-1 VIA GOTO
NOTE	GET TO D1-4 FROM SB2-8 VIA GOTO
WORD	163	334	D1-4	B←R[10] OP B; BUT NONMOD
PAGE	07
NOTE	IF NONMOD GOTO B2-2 (BUT SERVICE)
NOTE	IF NOT NONMOD FALL THROUGH TO D1-5
WORD	334	065	D1-5	DATO; ALBYT; CKOFF
NOTE	GET TO D1-6 FROM DO-18 VIA GOTO
WORD	065	305	D1-6	DRIVERS←B; GOTO B2-2 (BUT SERVICE)
ROUTINE	DEST MODE 2 (AUTO-INC) GET DEST DATA, OP AND REPLACE	DESTINATION
NOTE	GET TO D2-1 FROM S0-2 VIA BUT DESTINATION (IR<5:3>=2)
NOTE	GET TO D2-1 FROM SBE-1 VIA BUT DESTINATION (IR<5:3>=2)
WORD	105	331	D2-1	BA←R[D]; DATIP; ALBYT
NOTE	NOTE DATA IN PAUSE HERE
WORD	331	341	D2-2	B←R[D]+1+BYTE,BAR
NOTE	GET TO D2-3 FROM D4-1 VIA GOTO
WORD	341	200	D2-3	R[D]←B; BUT JSRMP; GOTO D1-2; CKOFF
NOTE	IF INST=JMP GOTO J1-1
NOTE	IF INST=JSR GOTO J2-1
NOTE	IF INST NOT JMP OR JSR FALL THROUGH TO D1-2
ROUTINE	DEST MODE 3 (AUTO-INC DEFERRED) GET DEST DATA, OP AND REPLACE	DESTINATION
NOTE	GET TO D3-1 FROM S0-2 VIA BUT DESDTINATION (IR<5:3>=3)
NOTE	GET TO D3-1 FROM SBE-1 VIA BUT DESTINATION (IR<5:3>=3)
WORD	107	160	D3-1	BA←R[D]; DATI
WORD	160	070	D3-2	B←R[D]+2
NOTE	GET TO D3-3 FROM D5-1 VIA GOTO
WORD	070	071	D3-3	R[D]←B; CKOFF
NOTE	GET TO D3-4 FROM D7-5 VIA GOTO
WORD	071	072	D3-4	B←UNIBUS DATA
WORD	072	200	D3-5	BA←B; DATIP; BUT JSRMP; GOTO D1-2; ALBYT; CKOFF
NOTE	NOTE DATA IN PAUSE HERE
NOTE	IF INST=JMP GOTO J1-1
NOTE	IF INST=JSR GOTO J2-1
NOTE	IF INST NOT JMP OR JSR FALL THROUGH TO D1-2
ROUTINE	DEST MODE 4(AUTO-DEC) GET DEST DATA, OP AND REPLACE	DESTINATION
NOTE	GET TO S4-1 FROM S0-2 VIA BUT DESTINATRON (IR<5:3>=4)
NOTE	GET TO S4-1 FROM SBE-1 VIA BUT DESTINATION (IR<5:3>=4)
WORD	111	341	D4-1	B,BA←R[D]-1-BYTE,BAR; DATIP; ENABOVER; GOTO D2-3; ALBYT
PAGE	08
ROUTINE	DEST MODE 5 (AUTO-DEC DEFERRED) GET DEST DATA, OP, AND REPLACE	DESTINATION
NOTE	GET TO D5-1 FROM S0-2 VIA BUT DESTINATION (IR<5:3>=5)
NOTE	GET TO D5-1 FROM SBE-1 VIA BUT DESTINATION (IR<5:3>=5)
WORD	113	070	D5-1	B,BA←R[D]-2; DATI; ENABOVER; GOTO D3-3
ROUTINE	DEST MODE 6 (INDEXED) GET DTA,OP, AND REPLACE	DESTINATION
NOTE	GET TO D6-1 FROM S0-2 VIA BUT DESTINATION (IR<5:3>=6)
NOTE	GET TO D6-1 FROM SBE-1 VIA BUT DESTINAITON (IR<5:2>=6)
WORD	115	075	D6-1	BA←PC; DATI
WORD	075	077	D6-2	B←PC+2
WORD	077	057	D6-3	PC←B; CKOFF
WORD	057	300	D6-4	B←UNIBUS DATA
WORD	300	200	D6-5	B,BA←B+R[D]; DATIP; BUT JSRMP; GOTO D1-2; ALBYT; CKOFF
NOTE	NOTE DATA IN PUASE HERE
NOTE	IF INST=JMP GOTO J1-1
NOTE	IF INST=JSR GOTO J2-1
NOTE	IF INST NOT JMP OR JSR FALL THROUGH TO D1-2
ROUTINE	DEST MODE 7 (INDEXED DEFERRED) GET DEST DATA,OP, AND REPLACE	DESTINATION
NOTE	GET TO D7-1 FROM S0-2 VIA BUT DESTINATION (IR<5:3>=7)
NOTE	GET TO D7-1 FROM SBE-1 VIA BUT DESTINATION (IR<5:3>=7)
WORD	117	310	D7-1	BA←PC; DATI
WORD	310	104	D7-2	B←PC+2
WORD	104	320	D7-3	PC←B; CKOFF
WORD	320	106	D7-4	B←UNIBUS DATA
WORD	106	071	D7-5	BA←B+R[D]; DATI; CKOFF; GOTO D3-4
ROUTINE	DESTINATION MODE 0, BYTE	DESTINATION
NOTE	GET TO DB0-1 FROM D0-1 VIA BUT BYTE (BYTE INST AND MOVE,BAR)
WORD	156	144	DB0-1	R[11],B←B SEX; BUT UNARY
NOTE	IF UNARY OTHER THAN JSR, JMP, OR SWAB (CLR,COM,INC,DEC,NEG,ADC,SBC,TST,ROR,ROL,ASR,ASL) GOTO U3-1
PAGE	09
NOTE	IF NOT UNARY FALL THROUGH TO DB0-2
WORD	164	304	DB0-2	B←R[10] OP B; BUT NONMOD
NOTE	SEE DESCRIPTION OF AUXILLARY ALU CONROL (AUX CONTROL)
NOTE	FOR MORE DETAILS ON WHAT 'OP' ACCOMPLISHES
NOTE	IF NONMOD GOTO B2-2 (SERVICE)
NOTE	IF NOT NONMOD FALL THRU TO DB0-3
WORD	304	040	DB0-3	R[D]<7:0>←B; BUT SERVICE; GOTO F-1
NOTE	PRIORITIES ARE LISTED HIGHEST TO LOWEST
NOTE	IF T BIT TRAP GOTO BT-1
NOTE	IF STACK OVERFLOW GOTO ERT1A
NOTE	IF POWER FAIL GOTO PF-1
NOTE	IF BR7 GOTO BG-1
NOTE	IF BR6 GOTO BG-1
NOTE	IF INTERNAL LINE CLOCK GOTO LC-1
NOTE	IF BR5 GOTO BG-1
NOTE	IF BR4 GOTO BG-1
NOTE	IF UART RECEIVE GOTO URTR
NOTE	IF UART TRANSMIT GOTO URTX
NOTE	IF CONSOLE STOP GOTO H-1
NOTE	IF NONE OF THE ABOVE GOTO F-1
ROUTINE	DESTINATION ODD BYTE	DESTINATION
NOTE	GET TO DO-1 FROM D1-2 VIA BUT BYTE (BYTE INST AND ODD ADDR)
WORD	270	123	DO-1	SHIFT B RIGHT; F SHIFT
WORD	123	124	DO-2	SHIFT B RIGHT; F SHIFT
WORD	124	125	DO-3	SHIFT B RIGHT; F SHIFT
WORD	125	126	DO-4	SHIFT B RIGHT; F SHIFT
WORD	126	127	DO-5	SHIFT B RIGHT; F SHIFT
WORD	127	130	DO-6	SHIFT B RIGHT; F SHIFT
WORD	130	131	DO-7	SHIFT B RIGHT; F SHIFT
WORD	131	132	DO-8	SHIFT B RIGHT
WORD	132	145	DO-9	R[11],B←B SEX; BUT UNARY
NOTE	IF UNARY OTHER THAN JSR, JMP, OR SWAB (CLR,COM,INC,DEC,NEG,ADC,SBC,TST,ROR,ROL,ASR,ASL) GOTO U4-1
NOTE	IF NOT UNARY FALL THROUGH TO DO-10
WORD	165	342	DO-10	B←R[10] OP B; BUT NONMOD
NOTE	SEE DESCRIPTION OF AUXILLARY ALU CONTROL (AUX CONROL)
NOTE	FOR MORE DETAILS ON WHAT 'OP' ACCOMPLISHES
NOTE	IF NONMOD GOTO B2-2 (BUT SERVICE)
NOTE	IF NOT NONMOD FALL THROUGH TO DO-11
WORD	342	135	DO-11	SHIFT B LEFT; F SHIFT
WORD	135	136	DO-12	SHIFT B LEFT; F SHIFT
WORD	136	137	DO-13	SHIFT B LEFT; F SHIFT
WORD	137	140	DO-14	SHIFT B LEFT; F SHIFT
WORD	140	141	DO-15	SHIFT B LEFT; F SHIFT
WORD	141	142	DO-16	SHIFT B LEFT; F SHIFT
WORD	142	143	DO-17	SHIFT B LEFT; F SHIFT
WORD	143	065	DO-18	SHIFT B LEFT; DATO; CKOFF; GOTO D1-6; ALBYT
PAGE	10
ROUTINE	DESTINATION EVEN BYTE	DESTINATION
NOTE	GET TO DE-1 FROM D1-2 VIA BUT BYTE (BYTE INST AND EVEN ADDR)
WORD	250	163	DE-1	R[11]←B SEX; GOTO D1-4; BUT UNARY
NOTE	IF UNARY OTHER THAN JSR,JMP, OR SWAB (CLR,COM,INC,DEC,ADC,SBC,TST,ROR,ASR,ASL) GOTO U5-1
NOTE	IF NOT UNARY FALL THROUGH TO D1-4
ROUTINE	UNARY OPERATORS GET SINGLE OPERAND IN B AND R[10]	EXECUTE
NOTE	CKOFF IN EACH OF THE FOLLOWING (U1-1, U2-1, U3-1, U4-1, AND U5-1)
NOTE	GIVES THE AUX CONTROL SUFFICIENT TIME TO DO ITS THING.
NOTE	THAT IS... REMAIN IN CURRENT STATE (MICRO STEP) FOR TWO
NOTE	PROCESSOR CKOCK PERIODS SO THAT THE CONDITION CODE LOGIC
NOTE	HAS SUFFICIENT TIME TO SETTLE.
NOTE	GET TO U1-1 FROM D0-2 VIA BUT UNARY (INST=CLR,COM,INC,DEC,NEG,ADC,SBC,TST,ROR,ROL,ASR,ASL)
WORD	352	162	U1-1	R[10]←B; CKOFF; GOTO D0-3
NOTE	GET TO U2-1 FROM D1-3 VIA BUT UNARY (INST=CLR,COM,...ASL) SEE U1-1
WORD	353	163	U2-1	R[10]←B; CKOFF; GOTO D1-4
NOTE	GET TO U3-1 FROM DB0-1 VIA BUT UNARY (INST=CLR,COM,...ASL) SEE U1-1
WORD	354	164	U3-1	R[10]←B; CKOFF; GOTO DB0-2
NOTE	GET TO U4-1 FROM DO-9 VIA BUT UNARY (INST=CLR,COM,...ASL) SEE U1-1
WORD	355	165	U4-1	R[10]←B; CKOFF; GOTO DO-10
NOTE	GET TO U5-1 FROM DE-1 VIA BUT UNARY (INST=CLR,COM,...ASL) SEE U1-1
WORD	373	163	U5-1	R[10]←B; CKOFF; GOTO D1-4
ROUTINE	MOVB INST	EXECUTE
NOTE	GET TO MB-0 FROM D0-1 VIA BUT MOVE (INST=MOVE AND BYTE)
WORD	154	240	MB-0	CKOFF
NOTE	CKOFF IN MB-0 GIVES THE AUX CONTROL SUFFICIENT TIME TO DO ITS THING.
NOTE	THAT IS.. REMAIN IN CURRENT STATE (MICRO STEP) FOR TWO
NOTE	PROCESSOR CLOCK PERIODS SO THAT THE CONDITION CODE LOGIC
NOTE	HAS SUFFICIENT TIME TO SETTLE.
WORD	240	152	MB-1	B←R[10]
WORD	152	040	MB-2	R[D]←B SEX; BUT SERVICE
NOTE	PRIORITIES ARE LISTED HIGHEST TO LOWEST
NOTE	IF T BIT TRAP GOTO BT-1
NOTE	IF STACK OVERFLOW GOTO ERT1A
NOTE	IF POWER FAIL GOTO PF-1
PAGE	11
NOTE	IF BR7 GOTO BG-1
NOTE	IF BR6 GOTO BG-1
NOTE	IF INTERNAL LINE CLOCK GOTO LC-1
NOTE	IF BR5 GOTO BG-1
NOTE	IF BG4 GOTO BG-1
NOTE	IF UART RECEIVE GOTO URTR
NOTE	IF UART TRANSMIT GOTO URTX
NOTE	IF CONSOLE STOP GOTO H-1
NOTE	IF NONE OF THE ABOVE GOTO F-1
ROUTINE	BRANCH, CHANGE PC	EXECUTE
WORD	015	147	B-1	SHIFT B LEFT
WORD	147	146	B-2	B←PC+B
WORD	146	040	B-3	PC←B; BUT SERVICE
NOTE	PRIORITIES ARE LISTED HIGHEST TO LOWEST
NOTE	IF T BIT TRAP GOTO BT-1
NOTE	IF STACK OVERFLOW GOTO ERT1A
NOTE	IF POWER FAIL GOTO PF-1
NOTE	IF BR7 GOTO BG-1
NOTE	IF BR6 GOTO BG-1
NOTE	IF INTERNAL LINE CLOCK GOT LC-1
NOTE	IF BR5 GOTO BG-1
NOTE	IF BR4 GOTO BG-1
NOTE	IF UART RECEIVE GOTO URTR
NOTE	IF UART TRANSMIT GOTO URTX
NOTE	IF CONSOLE STOP GOTO H-1
NOTE	IF NONE OF THE ABOVE GOTO F-1
ROUTINE	CONDITION CODE MASK (FOR BOTH SET AND CLEAR)	EXECUTE
WORD	151	350	CCM-1	B←B AND K[17]
WORD	350	112	CCM-2	BUT DEST
NOTE	IF INST= SET, GO TO SC-1
NOTE	IF INST= CLEAR, GOTO CC-1
ROUTINE	CLEAR CONDITION CODES	EXECUTE
WORD	112	040	CC-1	PSW←PSW AND (B,BAR); BUT SERVICE
NOTE	THIS EFFECTIVELY CLEARS THOSE BITS OF THE PSW WHICH ARE SET
PAGE	12
NOTE	IN THE B REG. B,BAR IS B REGISTER COMPLEMENTED.
NOTE	PRIORITIES ARE LISTED HIGHEST TO LOWEST
NOTE	IF T BIT BRAP GOTO BT-1
NOTE	IF STACK OVERFLOW GOTO ERT1A
NOTE	IF POWER FAIL GOTO PF-1
NOTE	IF BR7 GOTO BG-1
NOTE	IF BR6 GOTO BG-1
NOTE	IF INTERNAL LINE CLOCK GOTO LC-1
NOTE	IF BR5 GOTO BG-1
NOTE	IF BR4 GOTO BG-1
NOTE	IF UART RECEIVE GOTO URTR
NOTE	IF UART TRNASMIT GOTO URTX
NOTE	IF CONSOLE STOP GOTO H-1
NOTE	IF NONE OF THE ABOVE GOTO F-1
ROUTINE	SET CONDITION CODES	EXECUTE
WORD	116	040	SC-1	PSW←PSW OR B; BUT SERVICE
NOTE	PRIORITIES ARE LISTED HIGHEST TO LOWEST
NOTE	IF T BIT TRAP GOTO BT-1
NOTE	IF STACK OVERFLOW GOTO ERT1A
NOTE	IF POWER FAIL GOTO PF-1
NOTE	IF BR7 GOTO BG-1
NOTE	IF BR6 GOTO BG-1
NOTE	IF INTERNAL LINE CLOCK GOTO LC-1
NOTE	IF BR5 GOTO BG-1
NOTE	IF BR4 GOTO BG-1
NOTE	IF UART RECEIVE GOTO URTR
NOTE	IF UART TRANSMIT GOTO URTX
NOTE	IF CONSOLE STOP GOTO H-1
NOTE	IF NONE OF THE ABOVE GOTO F-1
ROUTINE	SWAB, MODE 0	EXECUTE
NOTE	GET TO SB1-1 FROM D0-2 VIA BUT UNARY (INST=SWAB AND MODE=0)
NOTE	ROTATE LEFT ACCOMPLISHED VIA ASR
WORD	166	172	SB1-1	ROTATE B LEFT; F SHIFT
WORD	172	173	SB1-2	ROTATE B LEFT; F SHIFT
WORD	173	174	SB1-3	ROTATE B LEFT; F SHIFT
WORD	174	144	SB1-4	ROTATE B LEFT; F SHIFT
WORD	144	176	SB1-5	ROTATE B LEFT; F SHIFT
WORD	176	177	SB1-6	ROTATE B LEFT; F SHIFT
WORD	177	006	SB1-7	ROTATE B LEFT; F SHIFT
WORD	006	155	SB1-8	ROTATE B LEFT; GOTO D0-3A
PAGE	13
ROUTINE	SWAB, NOT MODE 0	EXECUTE
NOTE	GET TO SB2-1 FROM D1-3 VIA BUT UNARY (INST=SWAB)
NOTE	ROTATE LEFT ACCOMPLISHED VIA ASR
WORD	167	012	SB2-1	ROTATE B LEFT; F SHIFT
WORD	012	220	SB2-2	ROTATE B LEFT; F SHIFT
WORD	220	022	SB2-3	ROTATE B LEFT; F SHIFT
WORD	022	023	SB2-4	ROTATE B LEFT; F SHIFT
WORD	023	024	SB2-5	ROTATE B LEFT; F SHIFT
WORD	024	031	SB2-6	ROTATE B LEFT; F SHIFT
WORD	031	330	SB2-7	ROTATE B LEFT; F SHIFT
WORD	330	163	SB2-8	ROTATE B LEFT; GOTO D1-4
ROUTINE	JMP	EXECUTE
NOTE	GET TO J1-1 FROM D1-1 VIA BUT JSRMP (INST=JMP)
NOTE	GET TO J1-1 FROM D2-3 VIA BUT JSRMP (INST=JMP)
NOTE	GET TO J1-1 FROM D3-5 VIA BUT JSRMP (INST=JMP)
NOTE	GET TO J1-1 FROM D6-5 VIA BUT JSRMP (INST=JMP)
WORD	204	260	J1-1	NOP
NOTE	J1-1 MUST BE A NOP BECAUSE FOLLOWING A CKOFF, THE AMX WILL
NOTE	BE FORCED TO TAKE DATA FROM THE UNIBUS.
WORD	260	040	J1-2	PC←B; BUT SERVICE
NOTE	PRIORITIES ARE LISTED HIGHEST TO LOWEST
NOTE	IF T BIT TRAP GOTO BT-1
NOTE	IF STACK OVERFLOW GOTO ERT1A
NOTE	IF POWER FAIL GOTO PF-1
NOTE	IF BR7 GOTO BG-1
NOTE	IF BR6 GOTO BG-1
NOTE	IF INTERNAL LINE CLOCK GOTO LC-1
NOTE	IF BR5 GOTO BG-1
NOTE	IF BR4 GOTO BG-1
NOTE	IF UART RECEIVE GOTO URTR
NOTE	IF UART TRANSMIT GOTO URTX
NOTE	IF CONSOLE STOP GOTO H-1
NOTE	IF NONE OF THE ABOVE GOTO F-1
PAGE	14
ROUTINE	JSR	EXECUTE
NOTE	GET TO J2-1 FROM D1-1 VIA BUT JSRMP (INST=JSR)
NOTE	GET TO J2-1 FROM D2-3 VIA BUT JSRMP (INST=JSR)
NOTE	GET TO J2-1 FROM D3-5 VIA BUT JSRMP (INST=JSR)
NOTE	GET TO J2-1 FROM D6-5 VIA BUT JSRMP (INST=JSR)
WORD	212	261	J2-1	NOP
NOTE	J2-1 MUST BE A NOP BECAUSE FOLLOWING A CKOFF, THE AMX WILL BE
NOTE	FORCED TO TAKE DATA FROM THE UNIBUS.
WORD	261	262	J2-1A	R[11]←B
WORD	262	214	J2-2	B,BA←R[6]-2; ENABOVER
WORD	214	206	J2-3	R[6]←B; CKOFF; DATO
WORD	206	216	J2-4	DRIVERS←R[S]
WORD	216	263	J2-5	B←PC
WORD	263	264	J2-6	R[S]←B
WORD	264	265	J2-7	B←R[11]
WORD	265	040	J2-8	PC←B; BUT SERVICE
NOTE	PRIORITIES ARE LISTED HIGHEST TO LOWEST
NOTE	IF T BIT TRAP GOTO BT-1
NOTE	IF STACK OVERFLOW GOT ERT1A
NOTE	IF POWER FALIL GOTO PF-1
NOTE	IF BR7 GOTO BG-1
NOTE	IF BR6 GOTO BG-1
NOTE	IF INTERNAL LINE CLOCK GOTO LC-1
NOTE	IF BR5 GOTO BG-1
NOTE	IF BR4 GOTO BG-1
NOTE	IF UART RECEIVE GOTO URTR
NOTE	IF UART TRANSMIT GOTO URTX
NOTE	IF CONSOLE STOP GOTO H-1
NOTE	IF NONE OF THE ABOVE GOTO F-1
ROUTINE	RTS	EXECUTE
NOTE	GET TO R1-1 FROM F-5 VIA BUT IR DECODE (INST=RTS)
WORD	005	221	R1-1	BA←R[6]; DATI
WORD	221	222	R1-2	B←R[6]+2
WORD	222	223	R1-3	R[6]←B
WORD	223	224	R1-4	B←R[D]
WORD	224	225	R1-5	PC←B; CKOFF
WORD	225	332	R1-6	B←UNIBUS DATA; GOTO D0-4
ROUTINE	RTI	EXECUTE
NOTE	GET TO R2-2 FROM F-5 VIA BUT IR DECODE (INST=RTI)
WORD	227	230	R2-1	BA←R[6]; DATI
WORD	230	231	R2-2	B←R[6]+2
PAGE	15
WORD	231	232	R2-3	R[6]←B; CKOFF
WORD	232	234	R2-4	PC←UNIBUS DATA
NOTE	THERE IS NO R2-5 (ANY MORE)
WORD	234	235	R2-6	BA←R[6]; DATI
WORD	235	236	R2-7	B←R[6]+2
WORD	236	237	R2-8	R[6]←B; CKOFF
WORD	237	305	R2-9	PS←UNIBUS DATA; GOTO B2-2 (BUT SERVICE)
ROUTINE	WAIT	EXECUTE
NOTE	GET TO W-1 FROM F-5 VIA BUT IR DECODE (INST=WAIT)
NOTE	GET TO W-1 FROM W-1 VIA GOTO IF BUT SERVICE IS FALSE
WORD	063	040	W-1	BUT SERVICE
NOTE	THE MICRO PROGRAM WILL LOOP ON W-1 UNTIL SOME HIGHER
NOTE	PRIORITY CONDITION IS RECOGNIZED BY THE 'BUT SERVICE' ROM SEE F101 ON
NOTE	THE CONE PRINT.
NOTE	PRIORITIES ARE LISTED HIGHEST TO LOWEST
NOTE	IF T BIT TRAP GOTO BT-1
NOTE	IF STACK OVERFLOW GOTO ERT1A
NOTE	IF POWER FAIL GOT PF-1
NOTE	IF BR7 GOTO BG-1
NOTE	IF BR6 GOTO BG-1
NOTE	IF INTERNAL LINE CLOCK GOTO LC-1
NOTE	IF BR5 GOTO BG-1
NOTE	IF BR4 GOTO BG-1
NOTE	IF UART RECEIVE URTR
NOTE	IF UART TRANSMIT TOTO URTX
NOTE	IF CONSOLE STOP GOTO H-1
NOTE	IF NONE OF THE ABOVE TOTO F-1
ROUTINE	HALT	EXECUTE
NOTE	GET TO H-1 FROM F-5 VIA BUT IR DECODE (INST=HALT)
NOTE	GET TO H-1 FROM BUT SERVICE
WORD	041	302	H-1	B←PC
NOTE	DISPLAY PC IN LIGHTS BY PUTTING IT INTO B
NOTE	GET TO H-2 FROM CE1-3 VIA GOTO
NOTE	GET TO H-2 FROM CD1-5 VIA GOTO
NOTE	GET TO H-2 FROM CL-3 VIA GOTO
WORD	302	300	H-2	BA←R[17]; BUT SWITCH
NOTE	THE BA IS LOADED HERE SO THAT THE ADDRESS WILL BE INCREMENTED BY +1 WHEN EXAMINING (DEPOSITING INT
NOTE	AND BY +2 WHEN EXAMINING (DEPOSITING INTO) SUCCESSIVE CORE MEMORY.
NOTE	IF START DEPRESSED GOTO CS-1
NOTE	IF CONTINUE DEPRESSED GOTO CCS-1
PAGE	16
NOTE	IF EXAMINE (1 ST) GOTO CE1-1
NOTE	IF EXAMINE (NOT 1 ST) GOTO CE2-1
NOTE	IF DEPOSIT (1 ST) GOTO CD1-1
NOTE	IF DEPOSIT (NOT 1 ST) GOT CD2-1
NOTE	IF LOAD GOTO CL-1
NOTE	IF NO SWITCHES ARE DEPRESSED LOOP ON H-2
ROUTINE	EMT TRAP (VECTOR LOC=30)	TRAP
NOTE	GET TO ET-1 FROM F-5 VIA BUT IR DECODE (INST=EMT)
WORD	011	245	ET-1	B←K[30]
NOTE	GET TO ET-2 FROM BT-1 VIA GOTO
NOTE	GET TO ET-2 FROM IT-1 VIA GOTO
NOTE	GET TO ET-2 FROM T-1 VIA GOTO
NOTE	GET TO ET-1 FROM RT-1 VIA GOTO
NOTE	GET TO ET-2 FROM ERT-1 VIA GOTO
NOTE	GET TO ET-2 FROM PF-1 VIA GOTO
WORD	245	246	ET-2	R[12]←B
WORD	246	247	ET-3	B,BA←R[6]-2; ENABOVER
NOTE	ET-4 HAS BEEN ELIMINATED
WORD	247	226	ET-5	R[6]←B; CKOFF; DATO
WORD	226	251	ET-6	DIRVERS←PS
WORD	251	252	ET-7	B,BA←R[6]-2; ENABOVER
WORD	252	253	ET-8	R[6]←B; CKOFF; DATO
WORD	253	254	ET-9	DIRVERS←PC
WORD	254	255	ET-10	BA←R[12]; DATI; CKOFF
WORD	255	256	ET-11	PC←UNIBUS DATA
WORD	256	257	ET-12	BA←R[12]+2; DATI; CKOFF
WORD	257	305	ET-13	PS←UNIBUS DATA; GOTO B2-2 (SERVICE)
ROUTINE	BREAKPOINT TRAP (VECTOR LOC=14) AND T BIT TRACE TRAP	TRAP
NOTE	GET TO BT-1 FROM ALL BUT SERVICE
NOTE	GET TO BT-1 FROM F-5 VIA BUT IR DECODE (INST=BREAKPOINT)
WORD	045	245	BT-1	B←K[14]; GOTO ET-2
ROUTINE	IOT (VECTOR LOC=20)	TRAP
NOTE	GET TO IT-1 FROM F-5 VIA BUT IR DECODE (INST=IOT
WORD	273	245	IT-1	B←K[20]; GOTO ET-2
PAGE	17
ROUTINE	TRAP (VECTOR LOC=34)	TRAP
NOTE	GET TO T-1 FROM F-5 VIA BUT IR DECODE (INST=TRAP)
WORD	021	245	T-1	B←K[34]; GOTO ET-2
ROUTINE	RESERVED INST TRAP (VECTOR LOC=10)	TRAP
NOTE	GET TO RT-1 FROM F-5 VIA BUT IR DECODE (INST=NON VALID)
WORD	001	245	RT-1	B←K[10]; GOTO ET-2
ROUTINE	ERROR TRAP (BUS ERROR, STACK OVERFLOW, ILLEGAL INST) VECTOR LOC=4	TRAP
NOTE	THERE EXISTS ERT-1 (LOC=10) FOR BUS ERROR
NOTE	THERE ALSO EXISTS ERT1A (LOC=46) FOR STACK OVERFLOW
NOTE	ERT1A GOES TO ET2-2, A SEQUENCE WHICH DOESN'T HAVE THE
NOTE	ENABOVER. WE DON'T WANT TO LOOK FOR STACK OVERFLOW WHILE
NOTE	DOING THE STACK OVERFLOW TRAP. THE ET2-2 SEQUENCE REJOINS THE ET SEQUENCE AT ET-8
NOTE	THERE ALSO EXISTS ERT1B (LOC=153) FOR ILLEGAL INST (JSR OR JMP, MODE 0)
WORD	010	245	ERT-1	B←K[4]; GOTO ET-2
ROUTINE	CONSOLE START SWITCH	CONSOLE
NOTE	GET TO CS-1 FOLLOWING RELEASE OF START SWITCH.
WORD	100	322	CS-1	IR←ZERO
NOTE	CLOCKING THE IR TURNS ON THE RUN LIGHT
WORD	322	321	CS-2	BA,B←R[17]
WORD	321	040	CS-3	PC←B; BUT SERVICE
NOTE	PRIOIRTIES ARE LISTED HIGHEST TO LOWEST
NOTE	IF T BIT BRAP GOTO BT-1
NOTE	IF STACK OVERFLOW GOTO ERT1A
NOTE	IF POWER FAIL GOTO PF-1
NOTE	IF BR7 GOTO BG-1
NOTE	IF BR6 GOTO BG-1
NOTE	IF INTERNAL LINE CLOCK GOTO LC-1
NOTE	IF BR5 GOTO BG-1
PAGE	18
NOTE	IF BR4 GOTO BG-1
NOTE	IF UART RECEIVE GOTO URTR
NOTE	IF UART TRANSMIT GOTO URTX
NOTE	IF CONSOLE STOP GOTO H-1
NOTE	IF NONE OF THE ABOVE GOTO F-1
ROUTINE	CONSOLE EXAMINE SWITCH- FIRST TIME IN SEQUENCE (DON'T INC R[17])	CONSOLE
NOTE	GET TO CE1-1 FROM H-2 VIA BUT SWITCH
NOTE	GET TO CE1-1 FROM CE2-2 VIA GOTO
WORD	317	307	CE1-1	BA,B←R[17]; BUT SWITCH
NOTE	DISPLAY ADDRESS BY PUTTING INTO THE B REGISTER WHILE EXAMINE IS DOWN
NOTE	LOOP ON CE1-1 UNTIL SWITCH IS RELEASED
WORD	307	326	CE1-2	DATI; CKOFF
WORD	326	302	CE1-3	B←UNIBUS DATA; GOTO H-2
ROUTINE	CONSOLE EXAMINE SWITCH - OTHER THAN FIRST IN SEQUENCE (INC R[17])	CONSOLE
NOTE	GET TO CE2-1 FROM H-2 VIA BUT SWITCH
WORD	315	371	CE2-1	B←R[17]+2
NOTE	R[17] IS IN BA FROM H-2, THIS WILL CAUSE +2 TO BECOME +1 WHEN EXAMINING REGISTERS.
WORD	371	317	CE2-2	R[17]←B; GOTO CE1-1
ROUTINE	CONSOLE DEPOSIT SWITCH - FIRST TIME IN SEQUENCE (DON'T INC R[17])	CONSOLE
NOTE	GET TO CD1-1 FROM H-2 VIA BUT SWITCH
NOTE	GET TO CD1-1 FROM CD2-2 VIA GOTO
WORD	313	303	CD1-1	B←R[17]; BUT SWITCH
NOTE	LOOP ON CD1-1 UNTIL DEPOSIT SWITCH IS RELEASED
WORD	303	374	CD1-2	BA←K[207],BAR; DATI; CKOFF
NOTE	COMPLEMENT OF 207 = 177570 = SWITCH REGISTER ADDRESS
WORD	374	314	CD1-3	B←UNIBUS DATA
WORD	314	372	CD1-4	BA←R[17]; DATO; CKOFF
WORD	372	302	CD1-5	DRIVERS←B; GOTO H-2
PAGE	19
ROUTINE	CONSOLE DEPOSIT SWITCH - OTHER THAN FIRST IN SEQENCE (INC R[17])	CONSOLE
NOTE	GET TO CD2-1 FROM H-3) VIA BUT SWITCH
WORD	312	337	CD2-1	B←R[17]+2
NOTE	R[17] IS IN BA. THIS WILL CAUSE +2 TO BECOME +1 WHEN DEPOSITING INTO REGISTERS
WORD	337	313	CD2-2	R[17]←B; GOTO CD1-1
ROUTINE	CONSOLE CONTINUE SWITCH	CONSOLE
NOTE	GET TO CCS-1 FROM H-2 VIA BUT SWITCH
WORD	316	276	CCS-1	B←PC
WORD	276	270	CCS-2	BUT SWITCH
WORD	272	062	CCS-3	IR←ZERO; GOTO F-1
NOTE	CLOCKING THE IR TURNS ON THE RUN LIGHT
ROUTINE	CONSOLE LOAD SWITCH	CONSOLE
NOTE	GET TO CL-1 FROM H-2 VIA BUT SWITCH
WORD	311	375	CL-1	BA←K[207],BAR; DATI; CKOFF
NOTE	COMPLEMENT OF 207 = 177570 = SWITCH REGISTER ADDRSS
WORD	375	367	CL-2	B←UNIBUS DATA
WORD	367	302	CL-3	R[17]←B; GOTO H-2
NOTE	CL-3 GOES TO H-2 VIA GOTO. IF LOAD IS STILL DEPRESSED, THE BUT
NOTE	SWITCH IN H-2 WILL TAKE US BACK TO CL-1. THUS, AS LONG AS LOAD IS
NOTE	DEPPRESSED, CHANGES IN THE SWITCHES WILL SHOW UP IN THE B REG (LIGHTS) AND IN R[17].
ROUTINE	POWER FAIL (VECTOR LOC=24)	POWER
NOTE	GET TO PF-1 FROM SERVICE
WORD	043	245	PF-1	B←K[24]; GOTO ET-2
ROUTINE	RESTART FROM POWER FAIL (VECTOR LOC=24)	POWER
NOTE	GET TO RS-1 MYSTERIOUSLY AS POWER COMES UP ( NXT CHIPS, F092 AND F103 SHOWN ON THE CONF PRINT,
NOTE	ARE DISABLED FORCING THE MICROPROGRAM TO RS-1 IN LOC 0.
WORD	000	241	RS-1	BA←K[24]; DATI
WORD	241	347	RS-1A	CKOFF
PAGE	20
NOTE	MUST DO CKOFF IN RS-1A BECAUSE OF CONFLICT BETWEEN
NOTE	CKOFF AND INIT CREATED BY CKOFF ASSOCIATED WITH AUX CONTROL
WORD	347	074	RS-2	PC←UNIBUS DATA
WORD	074	351	RS-3	BA←K[24]+2; DATI; CKOFF
WORD	351	305	RS-4	PS←UNIBUS DATA; GOTO B2-2 (SERVICE)
ROUTINE	INTERRUPT SERVICING	SERVICE
NOTE	GET TO INT-1 FROM BG-2 VIA BUT INT (TRUE)
WORD	325	246	INT-1	R[12]←UNIBUS DATA; SET SLAVESYNC; GOTO ET-3
ROUTINE	BUS GRANT SERVICE	SERVICE
NOTE	GET TO BG-1 FROM BUT SERVICE
WORD	040	305	BG-1	BUT INTERRUPT; GOTO B2-2 (BUT SERVICE)
NOTE	IF INTERRUPT GOTO INT-1
NOTE	IF NO INTERRUPT FALL THROUGH TO B2-2
ROUTINE	NOP - BRANCH CONDITION NOT TRUE (PC UNCHANGED)	EXECUTE
NOTE	B2-1 HAS BEEN ELIMINATED BECAUSE NEWI IS NO LONGER
NOTE	GET TO B2-2A FROM D0-3 VIA BUT NONMOD (TRUE)
NOTE	GET TO B2-2B FROM D1-4 VIA BUT NONMOD (TRUE)
NOTE	GET TO B2-2C FROM D0-10 VIA BUT NONMOD (TRUE)
NOTE	GET TO B2-2D FROM F-5 VIA BUT IR DECODE, BRANCH INST, CONDITION NOT TRUE
NOTE	GET TO B2-2 FROM RST-1 VIA GOTO
NOTE	GET TO B2-2 FROM D0-4 VIA GOTO
NOTE	GET TO B2-2 FROM DB0-2 VIA BUT NONMOD (TRUE)
NOTE	GET TO B2-2 FROM MB-2 VIA GOTO
NOTE	GET TO B2-2 FROM CC-1 VIA GOTO
NOTE	GET TO B2-2 FROM SC-1 VIA GOTO
NOTE	GET TO B2-2 FROM J2-8 VIA GOTO
NOTE	GET TO B2-2 FROM RS-10 VIA GOTO
NOTE	GET TO B2-2 FROM ET-13 VIA GOTO
WORD	305	040	B2-2	BUT SERVICE
NOTE	PRIORITIES ARE LISTED HIGHEST TO LOWEST
NOTE	IF T BIT TRAP GOTO BT-1
NOTE	IF STACK OVERFLOW GOTO ERT1A
NOTE	IF POWER FAIL GOTO PF-1
NOTE	IF BR7 GOTO BG-1
PAGE	21
NOTE	IF BR6 GOTO BG-1
NOTE	IF INTERNAL LINE CLOCK GOTO LC-1
NOTE	IF BR5 GOTO BG-1
NOTE	IF BR4 GOTO BG-1
NOTE	IF UART RECEIVE GOTO URTR
NOTE	IF UART TRANSMIT GOTO URTX
NOTE	IF CONSOLE STOP GOTO H-1
NOTE	IF NONE OF THE ABOVE GOTO F-1
ROUTINE	RESET	EXECUTE
NOTE	GET TO RST-1 FROM F-5 VIA BUT IR DECODE (INST=RESET)
WORD	357	305	RST-1	BUT INIT; CKOFF; GOTO B2-2 (BUT SERVICE)
ROUTINE	DOUBLE BUS ERROR, GOTO HALT	TRAP
WORD	110	041	DBE-1	NOP; GOTO H-1
ROUTINE	UART XMIT (VECTOR LOC 64)	SERVICE
WORD	060	245	URTX	B←K[64]; GOTO ET-2
ROUTINE	UART RECEIVE (VECTOR LOC 60)	SERVICE
WORD	064	245	URTR	B←K[60]; GOTO ET-2
ROUTINE	LINE CLOCK (VECTOR LOC 100)	SERVICE
WORD	042	245	LC-1	B←K[100]; GOTO ET-2
PAGE	22
NOTE	ERT1A NOT EXPLICITLY SHOWN IN FLOW
NOTE	D0-3A NOT EXPLICITLY SHOWN IN FLOW
NOTE	A145 NOT EXPLICITLY SHOWN IN FLOW
NOTE	ET2-2 NOT EXPLICITLY SHOWN IN FLOW
NOTE	ET2-3 NOT EXPLICITLY SHOWN IN FLOW
NOTE	ET2-5 NOT EXPLICITLY SHOWN IN FLOW
NOTE	ET2-6 NOT EXPLICITLY SHOWN IN FLOW
NOTE	ET2-7 NOT EXPLICITLY SHOWN IN FLOW
NOTE	ERT1B NOT EXPLICITLY SHOWN IN FLOW
NOTE	B2-2A NOT EXPLICITLY SHOWN IN FLOW
NOTE	B2-2B NOT EXPLICITLY SHOWN IN FLOW
NOTE	B2-2C NOT EXPLICITLY SHOWN IN FLOW
NOTE	B2-2D NOT EXPLICITLY SHOWN IN FLOW
