# KD11-B control store, October 1973 drawing set. Bits as printed; NXT is active low.
# NXTADDR is the decoded next microaddress (MPC complemented). ALUCODE/ALUOP decode
# the 5-bit ALU field against the operation table in EK-KD11B-MM-001. SPA is the
# 4-bit scratchpad address ROM-SPA-3..0, which the listing prints as four separate
# non-adjacent single-bit columns (SP3 SP2 SP1 SP0) and is assembled here.
# Symbolic columns decode the fields per kd11b-fieldvalues.tsv. BUT and BRG need the
# printed bits unscrambled first; see kd11b-README.md.
NAM	LOC	NXTADDR	ALUCODE	SPA	BUTNAME	ALUOP	BRGNAME	BLEG	TNSNAME	ALGNAME	SPAMUX	SPFNAME	ABTNAME	FSHNAME	CKONAME	NXT	ALU	CRI	FSH	AUX	PSW	SP1	SP3	DIP	SM0	SP0	SM1	BBT	BAR	BTP	SPF	SP2	CKO	ABT	TNS	ALG	BRG	BUT	WORD40
A145	145	377	00	0	DEST	AA	HOLD	BREG/+1	??	PSW	ROM	WRITE	YES	NO	ON	00000000	00000	0	1	0	0	0	0	0	1	0	1	0	0	1	0	0	0	0	00	00	00	0101	0000000000000010000010100100000000000101
B-1	015	147	30	0	NON	ASL	SRIGHT	BREG	NONE	SP	ROM	READ	NO	NO	OFF	10011000	11000	0	1	1	1	0	0	1	1	0	1	1	1	1	1	0	1	1	11	11	01	1111	1001100011000011100110111110111111011111
B-2	147	146	14	7	NON	A_plus_B	LOAD	BREG	NONE	SP	ROM	READ	NO	NO	OFF	10011001	01100	0	1	1	1	1	0	1	1	1	1	1	1	1	1	1	1	1	11	11	11	1111	1001100101100011110111111111111111111111
B-3	146	040	13	7	BYTE	BL	HOLD	BREG	NONE	SP	ROM	WRITE	NO	NO	OFF	11011111	01011	0	1	1	1	1	0	1	1	1	1	1	1	1	0	1	1	1	11	11	00	1100	1101111101011011110111111101111111001100
B2-2	305	040	01	0	BYTE	AL	HOLD	BREG	NONE	SP	ROM	READ	NO	NO	OFF	11011111	00001	0	1	1	1	0	0	1	1	0	1	1	1	1	1	0	1	1	11	11	00	1100	1101111100001011100110111110111111001100
B2-2A	333	040	01	0	BYTE	AL	HOLD	BREG	NONE	SP	ROM	READ	NO	NO	OFF	11011111	00001	0	1	1	1	0	0	1	1	0	1	1	1	1	1	0	1	1	11	11	00	1100	1101111100001011100110111110111111001100
B2-2B	335	040	01	0	BYTE	AL	HOLD	BREG	NONE	SP	ROM	READ	NO	NO	OFF	11011111	00001	0	1	1	1	0	0	1	1	0	1	1	1	1	1	0	1	1	11	11	00	1100	1101111100001011100110111110111111001100
B2-2C	343	040	01	0	BYTE	AL	HOLD	BREG	NONE	SP	ROM	READ	NO	NO	OFF	11011111	00001	0	1	1	1	0	0	1	1	0	1	1	1	1	1	0	1	1	11	11	00	1100	1101111100001011100110111110111111001100
B2-2D	013	040	01	0	BYTE	AL	HOLD	BREG	NONE	SP	ROM	READ	NO	NO	OFF	11011111	00001	0	1	1	1	0	0	1	1	0	1	1	1	1	1	0	1	1	11	11	00	1100	1101111100001011100110111110111111001100
BG-1	040	305	01	0	SSYNC	AL	HOLD	BREG	NONE	SP	ROM	READ	NO	NO	OFF	00111010	00001	0	1	1	1	0	0	1	1	0	1	1	1	1	1	0	1	1	11	11	00	0001	0011101000001011100110111110111111000001
BT-1	045	245	01	2	JMP/JSR	AL	LOAD	BREG	NONE	NULL	ROM	WRITE	NO	NO	OFF	01011010	00001	0	1	1	1	1	0	1	1	0	1	1	1	1	0	0	1	1	11	10	11	1101	0101101000001011110110111100111110111101
CC-1	112	040	05	0	BYTE	A*notB	HOLD	BREG	NONE	PSW	ROM	READ	NO	NO	OFF	11011111	00101	0	1	1	0	0	0	1	1	0	1	1	1	1	1	0	1	1	11	00	00	1100	1101111100101011000110111110111100001100
CCM-1	151	350	03	1	JMP/JSR	AB	LOAD	BREG	NONE	NULL	ROM	WRITE	NO	NO	OFF	00010111	00011	0	1	1	1	0	0	1	1	1	1	1	1	1	0	0	1	1	11	10	11	1101	0001011100011011100111111100111110111101
CCM-2	350	112	01	0	UNARY	AL	HOLD	BREG	NONE	SP	ROM	READ	NO	NO	OFF	10110101	00001	0	1	1	1	0	0	1	1	0	1	1	1	1	1	0	1	1	11	11	00	1001	1011010100001011100110111110111111001001
CCS-1	316	276	01	7	NON	AL	LOAD	BREG	NONE	SP	ROM	READ	NO	NO	OFF	01000001	00001	0	1	1	1	1	0	1	1	1	1	1	1	1	1	1	1	1	11	11	11	1111	0100000100001011110111111111111111111111
CCS-2	276	270	01	0	MOV	AL	HOLD	BREG	NONE	SP	ROM	READ	NO	NO	OFF	01000111	00001	0	1	1	1	0	0	1	1	0	1	1	1	1	1	0	1	1	11	11	00	0110	0100011100001011100110111110111111000110
CCS-3	272	062	07	0	IR-CLK	ZERO	HOLD	BREG	NONE	SP	ROM	READ	NO	NO	OFF	11001101	00111	0	1	1	1	0	0	1	1	0	1	1	1	1	1	0	1	1	11	11	00	0000	1100110100111011100110111110111111000000
CD1-1	313	303	01	15	MOV	AL	LOAD	BREG	NONE	SP	ROM	READ	NO	NO	OFF	00111100	00001	0	1	1	1	1	1	1	1	1	1	1	1	1	1	1	1	1	11	11	11	0110	0011110000001011111111111111111111110110
CD1-2	303	374	37	0	JMP/JSR	not_A	HOLD	BREG	DATI	NULL	ROM	WRITE	NO	NO	ON	00000011	11111	0	1	1	1	0	0	1	1	0	1	1	0	1	0	0	0	1	10	10	00	1101	0000001111111011100110110100011010001101
CD1-3	374	314	01	0	NON	AL	LOAD	BREG	NONE	NULL	BA	READ	NO	NO	OFF	00110011	00001	0	1	1	1	0	0	1	0	0	0	1	1	1	1	0	1	1	11	10	11	1111	0011001100001011100100011110111110111111
CD1-4	314	372	01	15	NON	AL	HOLD	BREG	DATO	SP	ROM	READ	NO	NO	ON	00000101	00001	0	1	1	1	1	1	1	1	1	1	1	0	1	1	1	0	1	01	11	00	1111	0000010100001011111111110111010111001111
CD1-5	372	302	13	0	NON	BL	HOLD	BREG	NONE	SP	BA	READ	NO	NO	OFF	00111101	01011	0	1	1	1	0	0	1	0	0	0	1	1	1	1	0	1	1	11	11	00	1111	0011110101011011100100011110111111001111
CD2-1	312	337	14	15	NON	A_plus_B	LOAD	BREG/+1	NONE	SP	ROM	READ	NO	NO	OFF	00100000	01100	1	1	1	1	1	1	1	1	1	1	0	1	1	1	1	1	1	11	11	11	1111	0010000001100111111111101111111111111111
CD2-2	337	313	13	15	NON	BL	HOLD	BREG	NONE	SP	ROM	WRITE	NO	NO	OFF	00110100	01011	0	1	1	1	1	1	1	1	1	1	1	1	1	0	1	1	1	11	11	00	1111	0011010001011011111111111101111111001111
CE1-1	317	307	01	15	MOV	AL	LOAD	BREG	NONE	SP	ROM	READ	NO	NO	OFF	00111000	00001	0	1	1	1	1	1	1	1	1	1	1	0	1	1	1	1	1	11	11	11	0110	0011100000001011111111110111111111110110
CE1-2	307	326	01	0	NON	AL	HOLD	BREG	DATI	SP	ROM	READ	NO	NO	ON	00101001	00001	0	1	1	1	0	0	1	1	0	1	1	1	1	1	0	0	1	10	11	00	1111	0010100100001011100110111110011011001111
CE1-3	326	302	01	0	NON	AL	LOAD	BREG	NONE	NULL	BA	READ	NO	NO	OFF	00111101	00001	0	1	1	1	0	0	1	0	0	0	1	1	1	1	0	1	1	11	10	11	1111	0011110100001011100100011110111110111111
CE2-1	315	371	14	15	NON	A_plus_B	LOAD	BREG/+1	NONE	SP	ROM	READ	NO	NO	OFF	00000110	01100	1	1	1	1	1	1	1	1	1	1	0	0	1	1	1	1	1	11	11	11	1111	0000011001100111111111100111111111111111
CE2-2	371	317	13	15	NON	BL	HOLD	BREG	NONE	SP	ROM	WRITE	NO	NO	OFF	00110000	01011	0	1	1	1	1	1	1	1	1	1	1	1	1	0	1	1	1	11	11	00	1111	0011000001011011111111111101111111001111
CL-1	311	375	37	0	JMP/JSR	not_A	HOLD	BREG	DATI	NULL	ROM	WRITE	NO	NO	ON	00000010	11111	0	1	1	1	0	0	1	1	0	1	1	0	1	0	0	0	1	10	10	00	1101	0000001011111011100110110100011010001101
CL-2	375	367	01	0	NON	AL	LOAD	BREG	NONE	NULL	BA	READ	NO	NO	OFF	00001000	00001	0	1	1	1	0	0	1	0	0	0	1	1	1	1	0	1	1	11	10	11	1111	0000100000001011100100011110111110111111
CL-3	367	302	13	15	NON	BL	HOLD	BREG	NONE	SP	ROM	WRITE	NO	NO	OFF	00111101	01011	0	1	1	1	1	1	1	1	1	1	1	1	1	0	1	1	1	11	11	00	1111	0011110101011011111111111101111111001111
CS-1	100	322	07	0	IR-CLK	ZERO	HOLD	BREG	NONE	SP	ROM	READ	NO	NO	OFF	00101101	00111	0	1	1	1	0	0	1	1	0	1	1	1	1	1	0	1	1	11	11	00	0000	0010110100111011100110111110111111000000
CS-2	322	321	01	15	NON	AL	LOAD	BREG	NONE	SP	ROM	READ	NO	NO	OFF	00101110	00001	0	1	1	1	1	1	1	1	1	1	1	0	1	1	1	1	1	11	11	11	1111	0010111000001011111111110111111111111111
CS-3	321	040	13	7	BYTE	BL	HOLD	BREG	NONE	SP	ROM	WRITE	NO	NO	OFF	11011111	01011	0	1	1	1	1	0	1	1	1	1	1	1	1	0	1	1	1	11	11	00	1100	1101111101011011110111111101111111001100
D0-1	101	154	01	0	DEST	AL	LOAD	BREG	NONE	SP	IRS	READ	NO	NO	OFF	10010011	00001	0	1	1	1	0	0	1	0	0	1	1	1	1	1	0	1	1	11	11	11	0101	1001001100001011100100111110111111110101
D0-2	157	142	13	9	SWITCHES	BL	HOLD	BREG	NONE	SP	ROM	WRITE	NO	NO	OFF	10011101	01011	0	1	1	1	0	1	1	1	1	1	1	1	1	0	0	1	1	11	11	00	1010	1001110101011011101111111100111111001010
D0-3	162	332	37	8	ENOFLO	not_A	LOAD	BREG	NONE	SP	ROM	READ	NO	NO	OFF	00100101	11111	1	1	0	1	0	1	1	1	0	1	1	1	1	1	0	1	1	11	11	11	0010	0010010111111110101110111110111111110010
D0-3A	155	332	37	8	ENOFLO	not_A	LOAD	BREG	NONE	SP	ROM	READ	NO	NO	OFF	00100101	11111	1	1	0	1	0	1	1	1	0	1	1	1	1	1	0	1	1	11	11	11	0010	0010010111111110101110111110111111110010
D0-4	332	040	13	0	BYTE	BL	HOLD	BREG	NONE	SP	IRS	WRITE	NO	NO	OFF	11011111	01011	0	1	1	1	0	0	1	0	0	1	1	1	1	0	0	1	1	11	11	00	1100	1101111101011011100100111100111111001100
D1-1	103	200	01	0	INIT	AL	LOAD	BREG	DATI	SP	IRS	READ	YES	NO	ON	01111111	00001	0	1	1	1	0	0	0	0	0	1	1	0	1	1	0	0	0	10	11	11	1011	0111111100001011100000110110001011111011
D1-2	200	210	01	0	SERVICE	AL	LOAD	BREG	NONE	NULL	BA	READ	NO	NO	OFF	01110111	00001	0	1	1	1	0	0	1	0	0	0	1	1	1	1	0	1	1	11	10	11	0011	0111011100001011100100011110111110110011
D1-3	210	143	13	9	SWITCHES	BL	HOLD	BREG	NONE	SP	ROM	WRITE	NO	NO	OFF	10011100	01011	0	1	1	1	0	1	1	1	1	1	1	1	1	0	0	1	1	11	11	00	1010	1001110001011011101111111100111111001010
D1-4	163	334	37	8	ENOFLO	not_A	LOAD	BREG	NONE	SP	ROM	READ	NO	NO	OFF	00100011	11111	1	1	0	1	0	1	1	1	0	1	1	1	1	1	0	1	1	11	11	11	0010	0010001111111110101110111110111111110010
D1-5	334	065	01	0	NON	AL	HOLD	BREG	DATO	SP	ROM	READ	YES	NO	ON	11001010	00001	0	1	1	1	0	0	1	1	0	1	1	1	1	1	0	0	0	01	11	00	1111	1100101000001011100110111110000111001111
D1-6	065	305	13	0	NON	BL	HOLD	BREG	NONE	SP	ROM	READ	NO	NO	OFF	00111010	01011	0	1	1	1	0	0	1	1	0	1	1	1	1	1	0	1	1	11	11	00	1111	0011101001011011100110111110111111001111
D2-1	105	331	01	0	NON	AL	HOLD	BREG	DATI	SP	IRS	READ	YES	NO	OFF	00100110	00001	0	1	1	1	0	0	0	0	0	1	1	0	1	1	0	1	0	10	11	00	1111	0010011000001011100000110110101011001111
D2-2	331	341	14	0	NON	A_plus_B	LOAD	BREG/+1	NONE	SP	IRS	READ	NO	NO	OFF	00011110	01100	1	1	1	1	0	0	1	0	0	1	0	1	1	1	0	1	1	11	11	11	1111	0001111001100111100100101110111111111111
D2-3	341	200	13	0	INIT	BL	HOLD	BREG	NONE	SP	IRS	WRITE	NO	NO	ON	01111111	01011	0	1	1	1	0	0	1	0	0	1	1	1	1	0	0	0	1	11	11	00	1011	0111111101011011100100111100011111001011
D3-1	107	160	01	0	NON	AL	HOLD	BREG	DATI	SP	IRS	READ	NO	NO	OFF	10001111	00001	0	1	1	1	0	0	1	0	0	1	1	0	1	1	0	1	1	10	11	00	1111	1000111100001011100100110110111011001111
D3-2	160	070	14	0	NON	A_plus_B	LOAD	BREG/+1	NONE	SP	IRS	READ	NO	NO	OFF	11000111	01100	1	1	1	1	0	0	1	0	0	1	0	1	1	1	0	1	1	11	11	11	1111	1100011101100111100100101110111111111111
D3-3	070	071	13	0	NON	BL	HOLD	BREG	NONE	SP	IRS	WRITE	NO	NO	ON	11000110	01011	0	1	1	1	0	0	1	0	0	1	1	1	1	0	0	0	1	11	11	00	1111	1100011001011011100100111100011111001111
D3-4	071	072	01	0	NON	AL	LOAD	BREG	NONE	NULL	BA	READ	NO	NO	OFF	11000101	00001	0	1	1	1	0	0	1	0	0	0	1	1	1	1	0	1	1	11	10	11	1111	1100010100001011100100011110111110111111
D3-5	072	200	13	0	INIT	BL	HOLD	BREG	DATI	SP	ROM	READ	YES	NO	ON	01111111	01011	0	1	1	1	0	0	0	1	0	1	1	0	1	1	0	0	0	10	11	00	1011	0111111101011011100010110110001011001011
D4-1	111	341	22	0	INTR	A_minus_B_minus_1	LOAD	BREG/+1	DATI	SP	IRS	READ	YES	NO	OFF	00011110	10010	0	1	1	1	0	0	0	0	0	1	0	0	1	1	0	1	0	10	11	11	0100	0001111010010011100000100110101011110100
D5-1	113	070	22	0	INTR	A_minus_B_minus_1	LOAD	BREG/+1	DATI	SP	IRS	READ	NO	NO	OFF	11000111	10010	0	1	1	1	0	0	1	0	0	1	0	0	1	1	0	1	1	10	11	11	0100	1100011110010011100100100110111011110100
D6-1	115	075	01	7	NON	AL	HOLD	BREG	DATI	SP	ROM	READ	NO	NO	OFF	11000010	00001	0	1	1	1	1	0	1	1	1	1	1	0	1	1	1	1	1	10	11	00	1111	1100001000001011110111110111111011001111
D6-2	075	077	14	7	NON	A_plus_B	LOAD	BREG/+1	NONE	SP	ROM	READ	NO	NO	OFF	11000000	01100	1	1	1	1	1	0	1	1	1	1	0	1	1	1	1	1	1	11	11	11	1111	1100000001100111110111101111111111111111
D6-3	077	057	13	7	NON	BL	HOLD	BREG	NONE	SP	ROM	WRITE	NO	NO	ON	11010000	01011	0	1	1	1	1	0	1	1	1	1	1	1	1	0	1	0	1	11	11	00	1111	1101000001011011110111111101011111001111
D6-4	057	300	01	0	NON	AL	LOAD	BREG	NONE	NULL	BA	READ	NO	NO	OFF	00111111	00001	0	1	1	1	0	0	1	0	0	0	1	1	1	1	0	1	1	11	10	11	1111	0011111100001011100100011110111110111111
D6-5	300	200	14	0	INIT	A_plus_B	LOAD	BREG	DATI	SP	IRS	READ	YES	NO	ON	01111111	01100	0	1	1	1	0	0	0	0	0	1	1	0	1	1	0	0	0	10	11	11	1011	0111111101100011100000110110001011111011
D7-1	117	310	01	7	NON	AL	HOLD	BREG	DATI	SP	ROM	READ	NO	NO	OFF	00110111	00001	0	1	1	1	1	0	1	1	1	1	1	0	1	1	1	1	1	10	11	00	1111	0011011100001011110111110111111011001111
D7-2	310	104	14	7	NON	A_plus_B	LOAD	BREG/+1	NONE	SP	ROM	READ	NO	NO	OFF	10111011	01100	1	1	1	1	1	0	1	1	1	1	0	1	1	1	1	1	1	11	11	11	1111	1011101101100111110111101111111111111111
D7-3	104	320	13	7	NON	BL	HOLD	BREG	NONE	SP	ROM	WRITE	NO	NO	ON	00101111	01011	0	1	1	1	1	0	1	1	1	1	1	1	1	0	1	0	1	11	11	00	1111	0010111101011011110111111101011111001111
D7-4	320	106	01	0	NON	AL	LOAD	BREG	NONE	NULL	BA	READ	NO	NO	OFF	10111001	00001	0	1	1	1	0	0	1	0	0	0	1	1	1	1	0	1	1	11	10	11	1111	1011100100001011100100011110111110111111
D7-5	106	071	14	0	NON	A_plus_B	HOLD	BREG	DATI	SP	IRS	READ	NO	NO	ON	11000110	01100	0	1	1	1	0	0	1	0	0	1	1	0	1	1	0	0	1	10	11	00	1111	1100011001100011100100110110011011001111
DB0-1	156	144	13	9	SWITCHES	BL	LOAD	SEX	NONE	SP	ROM	WRITE	NO	NO	OFF	10011011	01011	0	1	1	1	0	1	1	1	1	1	1	1	0	0	0	1	1	11	11	11	1010	1001101101011011101111111000111111111010
DB0-2	164	304	37	8	ENOFLO	not_A	LOAD	BREG	NONE	SP	ROM	READ	NO	NO	OFF	00111011	11111	1	1	0	1	0	1	1	1	0	1	1	1	1	1	0	1	1	11	11	11	0010	0011101111111110101110111110111111110010
DB0-3	304	040	13	0	BYTE	BL	HOLD	BREG	NONE	SPR	IRS	WRITE	NO	NO	OFF	11011111	01011	0	1	1	1	0	0	1	0	0	1	1	1	1	0	0	1	1	11	01	00	1100	1101111101011011100100111100111101001100
DBF-1	110	041	01	0	NON	AL	HOLD	BREG	NONE	SP	ROM	READ	NO	NO	OFF	11011110	00001	0	1	1	1	0	0	1	1	0	1	1	1	1	1	0	1	1	11	11	00	1111	1101111000001011100110111110111111001111
DF-1	250	163	13	9	SWITCHES	BL	LOAD	SEX	NONE	SP	ROM	WRITE	NO	NO	OFF	10001100	01011	0	1	1	1	0	1	1	1	1	1	1	1	0	0	0	1	1	11	11	11	1010	1000110001011011101111111000111111111010
DO-1	270	123	01	0	NON	AL	SLEFT	BREG	NONE	SP	ROM	READ	NO	SHIFT	OFF	10101100	00001	0	0	1	1	0	0	1	1	0	1	1	1	1	1	0	1	1	11	11	10	1111	1010110000001001100110111110111111101111
DO-10	165	342	37	8	ENOFLO	not_A	LOAD	BREG	NONE	SP	ROM	READ	NO	NO	OFF	00011101	11111	1	1	0	1	0	1	1	1	0	1	1	1	1	1	0	1	1	11	11	11	0010	0001110111111110101110111110111111110010
DO-11	342	135	01	0	NON	AL	SRIGHT	BREG	NONE	SP	ROM	READ	NO	SHIFT	OFF	10100010	00001	0	0	1	1	0	0	1	1	0	1	1	1	1	1	0	1	1	11	11	01	1111	1010001000001001100110111110111111011111
DO-12	135	136	01	0	NON	AL	SRIGHT	BREG	NONE	SP	ROM	READ	NO	SHIFT	OFF	10100001	00001	0	0	1	1	0	0	1	1	0	1	1	1	1	1	0	1	1	11	11	01	1111	1010000100001001100110111110111111011111
DO-13	136	137	01	0	NON	AL	SRIGHT	BREG	NONE	SP	ROM	READ	NO	SHIFT	OFF	10100000	00001	0	0	1	1	0	0	1	1	0	1	1	1	1	1	0	1	1	11	11	01	1111	1010000000001001100110111110111111011111
DO-14	137	140	01	0	NON	AL	SRIGHT	BREG	NONE	SP	ROM	READ	NO	SHIFT	OFF	10011111	00001	0	0	1	1	0	0	1	1	0	1	1	1	1	1	0	1	1	11	11	01	1111	1001111100001001100110111110111111011111
DO-15	140	141	01	0	NON	AL	SRIGHT	BREG	NONE	SP	ROM	READ	NO	SHIFT	OFF	10011110	00001	0	0	1	1	0	0	1	1	0	1	1	1	1	1	0	1	1	11	11	01	1111	1001111000001001100110111110111111011111
DO-16	141	142	01	0	NON	AL	SRIGHT	BREG	NONE	SP	ROM	READ	NO	SHIFT	OFF	10011101	00001	0	0	1	1	0	0	1	1	0	1	1	1	1	1	0	1	1	11	11	01	1111	1001110100001001100110111110111111011111
DO-17	142	143	01	0	NON	AL	SRIGHT	BREG	NONE	SP	ROM	READ	NO	SHIFT	OFF	10011100	00001	0	0	1	1	0	0	1	1	0	1	1	1	1	1	0	1	1	11	11	01	1111	1001110000001001100110111110111111011111
DO-18	143	065	01	0	NON	AL	SRIGHT	BREG	DATO	SP	ROM	READ	YES	NO	ON	11001010	00001	0	1	1	1	0	0	1	1	0	1	1	1	1	1	0	0	0	01	11	01	1111	1100101000001011100110111110000111011111
DO-2	123	124	01	0	NON	AL	SLEFT	BREG	NONE	SP	ROM	READ	NO	SHIFT	OFF	10101011	00001	0	0	1	1	0	0	1	1	0	1	1	1	1	1	0	1	1	11	11	10	1111	1010101100001001100110111110111111101111
DO-3	124	125	01	0	NON	AL	SLEFT	BREG	NONE	SP	ROM	READ	NO	SHIFT	OFF	10101010	00001	0	0	1	1	0	0	1	1	0	1	1	1	1	1	0	1	1	11	11	10	1111	1010101000001001100110111110111111101111
DO-4	125	126	01	0	NON	AL	SLEFT	BREG	NONE	SP	ROM	READ	NO	SHIFT	OFF	10101001	00001	0	0	1	1	0	0	1	1	0	1	1	1	1	1	0	1	1	11	11	10	1111	1010100100001001100110111110111111101111
DO-5	126	127	01	0	NON	AL	SLEFT	BREG	NONE	SP	ROM	READ	NO	SHIFT	OFF	10101000	00001	0	0	1	1	0	0	1	1	0	1	1	1	1	1	0	1	1	11	11	10	1111	1010100000001001100110111110111111101111
DO-6	127	130	01	0	NON	AL	SLEFT	BREG	NONE	SP	ROM	READ	NO	SHIFT	OFF	10100111	00001	0	0	1	1	0	0	1	1	0	1	1	1	1	1	0	1	1	11	11	10	1111	1010011100001001100110111110111111101111
DO-7	130	131	01	0	NON	AL	SLEFT	BREG	NONE	SP	ROM	READ	NO	SHIFT	OFF	10100110	00001	0	0	1	1	0	0	1	1	0	1	1	1	1	1	0	1	1	11	11	10	1111	1010011000001001100110111110111111101111
DO-8	131	132	01	0	NON	AL	SLEFT	BREG	NONE	SP	ROM	READ	NO	NO	OFF	10100101	00001	0	1	1	1	0	0	1	1	0	1	1	1	1	1	0	1	1	11	11	10	1111	1010010100001011100110111110111111101111
DO-9	132	145	13	9	SWITCHES	BL	LOAD	SEX	NONE	SP	ROM	WRITE	NO	NO	OFF	10011010	01011	0	1	1	1	0	1	1	1	1	1	1	1	0	0	0	1	1	11	11	11	1010	1001101001011011101111111000111111111010
ERT-1	010	245	01	6	JMP/JSR	AL	LOAD	BREG	NONE	NULL	ROM	WRITE	NO	NO	OFF	01011010	00001	0	1	1	1	1	0	1	1	0	1	1	1	1	0	1	1	1	11	10	11	1101	0101101000001011110110111101111110111101
ERT1A	046	003	01	6	JMP/JSR	AL	LOAD	BREG	NONE	NULL	ROM	WRITE	NO	NO	OFF	11111100	00001	0	1	1	1	1	0	1	1	0	1	1	1	1	0	1	1	1	11	10	11	1101	1111110000001011110110111101111110111101
ERT1B	153	245	01	6	JMP/JSR	AL	LOAD	BREG	NONE	NULL	ROM	WRITE	NO	NO	OFF	01011010	00001	0	1	1	1	1	0	1	1	0	1	1	1	1	0	1	1	1	11	10	11	1101	0101101000001011110110111101111110111101
ET-1	011	245	01	2	JMP/JSR	AL	LOAD	BREG	NONE	NULL	ROM	READ	NO	NO	OFF	01011010	00001	0	1	1	1	1	0	1	1	0	1	1	1	1	1	0	1	1	11	10	11	1101	0101101000001011110110111110111110111101
ET-10	254	255	01	10	IR-CLK	AL	HOLD	BREG	DATI	SP	ROM	READ	NO	NO	ON	01010010	00001	0	1	1	1	1	1	1	1	0	1	1	0	1	1	0	0	1	10	11	00	0000	0101001000001011111110110110011011000000
ET-11	255	256	01	7	NON	AL	LOAD	BREG	NONE	SP	ROM	WRITE	NO	NO	OFF	01010001	00001	0	1	1	1	1	0	1	1	1	1	1	1	1	0	1	1	1	11	11	11	1111	0101000100001011110111111101111111111111
ET-12	256	257	14	10	NON	A_plus_B	LOAD	BREG/+1	DATI	SP	ROM	READ	NO	NO	ON	01010000	01100	1	1	1	1	1	1	1	1	0	1	0	0	1	1	0	0	1	10	11	11	1111	0101000001100111111110100110011011111111
ET-13	257	305	01	0	NON	AL	LOAD	BREG	NONE	SP	ROM	READ	NO	NO	OFF	00111010	00001	0	1	1	0	0	0	1	1	0	1	1	1	1	1	0	1	1	11	11	11	1111	0011101000001011000110111110111111111111
ET-2	245	246	13	10	NON	BL	HOLD	BREG	NONE	SP	ROM	WRITE	NO	NO	OFF	01011001	01011	0	1	1	1	1	1	1	1	0	1	1	1	1	0	0	1	1	11	11	00	1111	0101100101011011111110111100111111001111
ET-3	246	247	22	6	INTR	A_minus_B_minus_1	LOAD	BREG/+1	NONE	SP	ROM	READ	NO	NO	OFF	01011000	10010	0	1	1	1	1	0	1	1	0	1	0	0	1	1	1	1	1	11	11	11	0100	0101100010010011110110100111111111110100
ET-5	247	226	13	6	NON	BL	HOLD	BREG	DATO	SP	ROM	WRITE	NO	NO	ON	01101001	01011	0	1	1	1	1	0	1	1	0	1	1	1	1	0	1	0	1	01	11	00	1111	0110100101011011110110111101010111001111
ET-6	226	251	01	0	NON	AL	HOLD	BREG	NONE	PSW	ROM	READ	NO	NO	OFF	01010110	00001	0	1	1	1	0	0	1	1	0	1	1	1	1	1	0	1	1	11	00	00	1111	0101011000001011100110111110111100001111
ET-7	251	252	22	6	INTR	A_minus_B_minus_1	LOAD	BREG/+1	NONE	SP	ROM	READ	NO	NO	OFF	01010101	10010	0	1	1	1	1	0	1	1	0	1	0	0	1	1	1	1	1	11	11	11	0100	0101010110010011110110100111111111110100
ET-8	252	253	13	6	NON	BL	HOLD	BREG	DATO	SP	ROM	WRITE	NO	NO	ON	01010100	01011	0	1	1	1	1	0	1	1	0	1	1	1	1	0	1	0	1	01	11	00	1111	0101010001011011110110111101010111001111
ET-9	253	254	01	7	NON	AL	HOLD	BREG	NONE	SP	ROM	READ	NO	NO	OFF	01010011	00001	0	1	1	1	1	0	1	1	1	1	1	1	1	1	1	1	1	11	11	00	1111	0101001100001011110111111111111111001111
ET2-2	003	004	13	10	NON	BL	LOAD	BREG	NONE	SP	ROM	WRITE	NO	NO	OFF	11111011	01011	0	1	1	1	1	1	1	1	0	1	1	1	1	0	0	1	1	11	11	11	1111	1111101101011011111110111100111111111111
ET2-3	004	036	22	6	NON	A_minus_B_minus_1	LOAD	BREG/+1	NONE	SP	ROM	READ	NO	NO	OFF	11100001	10010	0	1	1	1	1	0	1	1	0	1	0	0	1	1	1	1	1	11	11	11	1111	1110000110010011110110100111111111111111
ET2-5	036	037	13	6	NON	BL	HOLD	BREG	DATO	SP	ROM	WRITE	NO	NO	ON	11100000	01011	0	1	1	1	1	0	1	1	0	1	1	1	1	0	1	0	1	01	11	00	1111	1110000001011011110110111101010111001111
ET2-6	037	051	01	0	NON	AL	HOLD	BREG	NONE	PSW	ROM	READ	NO	NO	OFF	11010110	00001	0	1	1	1	0	0	1	1	0	1	1	1	1	1	0	1	1	11	00	00	1111	1101011000001011100110111110111100001111
ET2-7	051	252	22	6	NON	A_minus_B_minus_1	LOAD	BREG/+1	NONE	SP	ROM	READ	NO	NO	OFF	01010101	10010	0	1	1	1	1	0	1	1	0	1	0	0	1	1	1	1	1	11	11	11	1111	0101010110010011110110100111111111111111
F-1	062	053	01	7	NON	AL	HOLD	BREG	DATI	SP	ROM	READ	NO	NO	OFF	11010100	00001	0	1	1	1	1	0	1	1	1	1	1	0	1	1	1	1	1	10	11	00	1111	1101010000001011110111110111111011001111
F-2	053	365	14	7	NON	A_plus_B	LOAD	BREG/+1	NONE	SP	ROM	READ	NO	NO	OFF	00001010	01100	1	1	1	1	1	0	1	1	1	1	0	1	1	1	1	1	1	11	11	11	1111	0000101001100111110111101111111111111111
F-3	365	364	13	7	NON	BL	HOLD	BREG	NONE	SP	ROM	WRITE	NO	NO	ON	00001011	01011	0	1	1	1	1	0	1	1	1	1	1	1	1	0	1	0	1	11	11	00	1111	0000101101011011110111111101011111001111
F-4	364	061	01	0	IR-CLK	AL	LOAD	BREG	NONE	NULL	BA	READ	NO	NO	OFF	11001110	00001	0	1	1	1	0	0	1	0	0	0	1	1	1	1	0	1	1	11	10	11	0000	1100111000001011100100011110111110110000
F-5	061	001	13	0	CONST	BL	LOAD	SEX	NONE	SP	ROM	READ	NO	NO	OFF	11111110	01011	0	1	1	1	0	0	1	1	0	1	1	1	0	1	0	1	1	11	11	11	0111	1111111001011011100110111010111111110111
H-1	041	302	01	7	NON	AL	LOAD	BREG	NONE	SP	ROM	READ	NO	NO	OFF	00111101	00001	0	1	1	1	1	0	1	1	1	1	1	1	1	1	1	1	1	11	11	11	1111	0011110100001011110111111111111111111111
H-2	302	300	01	15	MOV	AL	HOLD	BREG	NONE	SP	ROM	READ	NO	NO	OFF	00111111	00001	0	1	1	1	1	1	1	1	1	1	1	0	1	1	1	1	1	11	11	00	0110	0011111100001011111111110111111111000110
INT-1	325	246	01	10	NON-MOD	AL	HOLD	BREG	NONE	SP	ROM	WRITE	NO	NO	OFF	01011001	00001	0	1	1	1	1	1	1	1	0	1	1	1	1	0	0	1	1	11	11	00	1000	0101100100001011111110111100111111001000
IT-1	273	245	01	4	JMP/JSR	AL	LOAD	BREG	NONE	NULL	ROM	READ	NO	NO	OFF	01011010	00001	0	1	1	1	0	0	1	1	0	1	1	1	1	1	1	1	1	11	10	11	1101	0101101000001011100110111111111110111101
J1-1	204	260	01	0	NON	AL	HOLD	BREG	NONE	SP	ROM	READ	NO	NO	OFF	01001111	00001	0	1	1	1	0	0	1	1	0	1	1	1	1	1	0	1	1	11	11	00	1111	0100111100001011100110111110111111001111
J1-2	260	040	13	7	BYTE	BL	HOLD	BREG	NONE	SP	ROM	WRITE	NO	NO	OFF	11011111	01011	0	1	1	1	1	0	1	1	1	1	1	1	1	0	1	1	1	11	11	00	1100	1101111101011011110111111101111111001100
J2-1	212	261	01	0	NON	AL	HOLD	BREG	NONE	SP	ROM	READ	NO	NO	OFF	01001110	00001	0	1	1	1	0	0	1	1	0	1	1	1	1	1	0	1	1	11	11	00	1111	0100111000001011100110111110111111001111
J2-1A	261	262	13	9	NON	BL	HOLD	BREG	NONE	SP	ROM	WRITE	NO	NO	OFF	01001101	01011	0	1	1	1	0	1	1	1	1	1	1	1	1	0	0	1	1	11	11	00	1111	0100110101011011101111111100111111001111
J2-2	262	214	22	6	INTR	A_minus_B_minus_1	LOAD	BREG/+1	NONE	SP	ROM	READ	NO	NO	OFF	01110011	10010	0	1	1	1	1	0	1	1	0	1	0	0	1	1	1	1	1	11	11	11	0100	0111001110010011110110100111111111110100
J2-3	214	206	13	6	NON	BL	HOLD	BREG	DATO	SP	ROM	WRITE	NO	NO	ON	01111001	01011	0	1	1	1	1	0	1	1	0	1	1	1	1	0	1	0	1	01	11	00	1111	0111100101011011110110111101010111001111
J2-4	206	216	01	0	NON	AL	HOLD	BREG	NONE	SP	IRD	READ	NO	NO	OFF	01110001	00001	0	1	1	1	0	0	1	1	0	0	1	1	1	1	0	1	1	11	11	00	1111	0111000100001011100110011110111111001111
J2-5	216	263	01	7	NON	AL	LOAD	BREG	NONE	SP	ROM	READ	NO	NO	OFF	01001100	00001	0	1	1	1	1	0	1	1	1	1	1	1	1	1	1	1	1	11	11	11	1111	0100110000001011110111111111111111111111
J2-6	263	264	13	0	NON	BL	HOLD	BREG	NONE	SP	IRD	WRITE	NO	NO	OFF	01001011	01011	0	1	1	1	0	0	1	1	0	0	1	1	1	0	0	1	1	11	11	00	1111	0100101101011011100110011100111111001111
J2-7	264	265	01	9	NON	AL	LOAD	BREG	NONE	SP	ROM	READ	NO	NO	OFF	01001010	00001	0	1	1	1	0	1	1	1	1	1	1	1	1	1	0	1	1	11	11	11	1111	0100101000001011101111111110111111111111
J2-8	265	040	13	7	BYTE	BL	HOLD	BREG	NONE	SP	ROM	WRITE	NO	NO	OFF	11011111	01011	0	1	1	1	1	0	1	1	1	1	1	1	1	0	1	1	1	11	11	00	1100	1101111101011011110111111101111111001100
LC-1	042	245	01	9	JMP/JSR	AL	LOAD	BREG	NONE	NULL	ROM	READ	NO	NO	OFF	01011010	00001	0	1	1	1	0	1	1	1	1	1	1	1	1	1	0	1	1	11	10	11	1101	0101101000001011101111111110111110111101
MB-0	154	240	01	0	NON	AL	HOLD	BREG	NONE	SP	ROM	READ	NO	NO	ON	01011111	00001	0	1	1	1	0	0	1	1	0	1	1	1	1	1	0	0	1	11	11	00	1111	0101111100001011100110111110011111001111
MB-1	240	152	37	8	NON	not_A	LOAD	BREG	NONE	SP	ROM	READ	NO	NO	OFF	10010101	11111	1	1	0	1	0	1	1	1	0	1	1	1	1	1	0	1	1	11	11	11	1111	1001010111111110101110111110111111111111
MB-2	152	040	13	0	BYTE	BL	HOLD	SEX	NONE	SP	IRS	WRITE	NO	NO	OFF	11011111	01011	0	1	1	1	0	0	1	0	0	1	1	1	0	0	0	1	1	11	11	00	1100	1101111101011011100100111000111111001100
PF-1	043	245	01	8	JMP/JSR	AL	LOAD	BREG	NONE	NULL	ROM	READ	NO	NO	OFF	01011010	00001	0	1	1	1	0	1	1	1	0	1	1	1	1	1	0	1	1	11	10	11	1101	0101101000001011101110111110111110111101
R1-1	005	221	01	6	NON	AL	HOLD	BREG	DATI	SP	ROM	READ	NO	NO	OFF	01101110	00001	0	1	1	1	1	0	1	1	0	1	1	0	1	1	1	1	1	10	11	00	1111	0110111000001011110110110111111011001111
R1-2	221	222	14	6	NON	A_plus_B	LOAD	BREG/+1	NONE	SP	ROM	READ	NO	NO	OFF	01101101	01100	1	1	1	1	1	0	1	1	0	1	0	1	1	1	1	1	1	11	11	11	1111	0110110101100111110110101111111111111111
R1-3	222	223	13	6	NON	BL	HOLD	BREG	NONE	SP	ROM	WRITE	NO	NO	OFF	01101100	01011	0	1	1	1	1	0	1	1	0	1	1	1	1	0	1	1	1	11	11	00	1111	0110110001011011110110111101111111001111
R1-4	223	224	01	0	NON	AL	LOAD	BREG	NONE	SP	IRS	READ	NO	NO	OFF	01101011	00001	0	1	1	1	0	0	1	0	0	1	1	1	1	1	0	1	1	11	11	11	1111	0110101100001011100100111110111111111111
R1-5	224	225	13	7	NON	BL	HOLD	BREG	NONE	SP	ROM	WRITE	NO	NO	ON	01101010	01011	0	1	1	1	1	0	1	1	1	1	1	1	1	0	1	0	1	11	11	00	1111	0110101001011011110111111101011111001111
R1-6	225	332	01	0	NON	AL	LOAD	BREG	NONE	NULL	BA	READ	NO	NO	OFF	00100101	00001	0	1	1	1	0	0	1	0	0	0	1	1	1	1	0	1	1	11	10	11	1111	0010010100001011100100011110111110111111
R2-1	227	230	01	6	NON	AL	HOLD	BREG	DATI	SP	ROM	READ	NO	NO	OFF	01100111	00001	0	1	1	1	1	0	1	1	0	1	1	0	1	1	1	1	1	10	11	00	1111	0110011100001011110110110111111011001111
R2-2	230	231	14	6	NON	A_plus_B	LOAD	BREG/+1	NONE	SP	ROM	READ	NO	NO	OFF	01100110	01100	1	1	1	1	1	0	1	1	0	1	0	1	1	1	1	1	1	11	11	11	1111	0110011001100111110110101111111111111111
R2-3	231	232	13	6	NON	BL	HOLD	BREG	NONE	SP	ROM	WRITE	NO	NO	ON	01100101	01011	0	1	1	1	1	0	1	1	0	1	1	1	1	0	1	0	1	11	11	00	1111	0110010101011011110110111101011111001111
R2-4	232	234	01	7	NON	AL	HOLD	BREG	NONE	SP	ROM	WRITE	NO	NO	OFF	01100011	00001	0	1	1	1	1	0	1	1	1	1	1	1	1	0	1	1	1	11	11	00	1111	0110001100001011110111111101111111001111
R2-6	234	235	01	6	NON	AL	HOLD	BREG	DATI	SP	ROM	READ	NO	NO	OFF	01100010	00001	0	1	1	1	1	0	1	1	0	1	1	0	1	1	1	1	1	10	11	00	1111	0110001000001011110110110111111011001111
R2-7	235	236	14	6	NON	A_plus_B	LOAD	BREG/+1	NONE	SP	ROM	READ	NO	NO	OFF	01100001	01100	1	1	1	1	1	0	1	1	0	1	0	1	1	1	1	1	1	11	11	11	1111	0110000101100111110110101111111111111111
R2-8	236	237	13	6	NON	BL	HOLD	BREG	NONE	SP	ROM	WRITE	NO	NO	ON	01100000	01011	0	1	1	1	1	0	1	1	0	1	1	1	1	0	1	0	1	11	11	00	1111	0110000001011011110110111101011111001111
R2-9	237	305	01	0	NON	AL	HOLD	BREG	NONE	NULL	ROM	READ	NO	NO	OFF	00111010	00001	0	1	1	0	0	0	1	1	0	1	1	1	1	1	0	1	1	11	10	00	1111	0011101000001011000110111110111110001111
RS-1	000	241	01	8	JMP/JSR	AL	HOLD	BREG	DATI	NULL	ROM	READ	NO	NO	OFF	01011110	00001	0	1	1	1	0	1	1	1	0	1	1	0	1	1	0	1	1	10	10	00	1101	0101111000001011101110110110111010001101
RS-1A	241	347	01	0	NON	AL	HOLD	BREG	NONE	SP	ROM	READ	NO	NO	ON	00011000	00001	0	1	1	1	0	0	1	1	0	1	1	1	1	1	0	0	1	11	11	00	1111	0001100000001011100110111110011111001111
RS-2	347	074	01	7	NON	AL	HOLD	BREG	NONE	SP	ROM	WRITE	NO	NO	OFF	11000011	00001	0	1	1	1	1	0	1	1	1	1	1	1	1	0	1	1	1	11	11	00	1111	1100001100001011110111111101111111001111
RS-3	074	351	14	8	JMP/JSR	A_plus_B	HOLD	BREG/+1	DATI	NULL	ROM	READ	NO	NO	ON	00010110	01100	1	1	1	1	0	1	1	1	0	1	0	0	1	1	0	0	1	10	10	00	1101	0001011001100111101110100110011010001101
RS-4	351	305	01	0	NON	AL	HOLD	BREG	NONE	SP	ROM	READ	NO	NO	OFF	00111010	00001	0	1	1	0	0	0	1	1	0	1	1	1	1	1	0	1	1	11	11	00	1111	0011101000001011000110111110111111001111
RST-1	357	305	01	0	IR-DECODE	AL	HOLD	BREG	NONE	SP	ROM	READ	NO	NO	ON	00111010	00001	0	1	1	1	0	0	1	1	0	1	1	1	1	1	0	0	1	11	11	00	1110	0011101000001011100110111110011111001110
RT-1	001	245	01	6	JMP/JSR	AL	LOAD	BREG	NONE	NULL	ROM	READ	NO	NO	OFF	01011010	00001	0	1	1	1	1	0	1	1	0	1	1	1	1	1	1	1	1	11	10	11	1101	0101101000001011110110111111111110111101
S0-1	201	007	01	0	SERVICE	AL	LOAD	BREG	NONE	SP	IRD	READ	NO	NO	OFF	11111000	00001	0	1	1	1	0	0	1	1	0	0	1	1	1	1	0	1	1	11	11	11	0011	1111100000001011100110011110111111110011
S0-2	007	001	13	8	UNARY	BL	HOLD	BREG	NONE	SP	ROM	WRITE	NO	NO	OFF	11111110	01011	0	1	1	1	0	1	1	1	0	1	1	1	1	0	0	1	1	11	11	00	1001	1111111001011011101110111100111111001001
S1-1	203	244	01	0	NON	AL	HOLD	BREG	DATI	SP	IRD	READ	YES	NO	ON	01011011	00001	0	1	1	1	0	0	1	1	0	0	1	0	1	1	0	0	0	10	11	00	1111	0101101100001011100110010110001011001111
S1-2	244	007	01	0	SERVICE	AL	LOAD	BREG	NONE	NULL	BA	READ	NO	NO	OFF	11111000	00001	0	1	1	1	0	0	1	0	0	0	1	1	1	1	0	1	1	11	10	11	0011	1111100000001011100100011110111110110011
S2-1	205	301	01	0	NON	AL	HOLD	BREG	DATI	SP	IRD	READ	YES	NO	OFF	00111110	00001	0	1	1	1	0	0	1	1	0	0	1	0	1	1	0	1	0	10	11	00	1111	0011111000001011100110010110101011001111
S2-2	301	014	14	0	NON	A_plus_B	LOAD	BREG/+1	NONE	SP	IRD	READ	NO	NO	OFF	11110011	01100	1	1	1	1	0	0	1	1	0	0	0	1	1	1	0	1	1	11	11	11	1111	1111001101100111100110001110111111111111
S2-3	014	244	13	0	NON	BL	HOLD	BREG	NONE	SP	IRD	WRITE	NO	NO	ON	01011011	01011	0	1	1	1	0	0	1	1	0	0	1	1	1	0	0	0	1	11	11	00	1111	0101101101011011100110011100011111001111
S3-1	207	016	01	0	NON	AL	HOLD	BREG	DATI	SP	IRD	READ	NO	NO	OFF	11110001	00001	0	1	1	1	0	0	1	1	0	0	1	0	1	1	0	1	1	10	11	00	1111	1111000100001011100110010110111011001111
S3-2	016	017	14	0	NON	A_plus_B	LOAD	BREG/+1	NONE	SP	IRD	READ	NO	NO	OFF	11110000	01100	1	1	1	1	0	0	1	1	0	0	0	1	1	1	0	1	1	11	11	11	1111	1111000001100111100110001110111111111111
S3-3	017	134	13	0	NON	BL	HOLD	BREG	NONE	SP	IRD	WRITE	NO	NO	ON	10100011	01011	0	1	1	1	0	0	1	1	0	0	1	1	1	0	0	0	1	11	11	00	1111	1010001101011011100110011100011111001111
S3-4	134	274	01	0	NON	AL	LOAD	BREG	NONE	NULL	BA	READ	NO	NO	OFF	01000011	00001	0	1	1	1	0	0	1	0	0	0	1	1	1	1	0	1	1	11	10	11	1111	0100001100001011100100011110111110111111
S3-5	274	244	13	0	NON	BL	HOLD	BREG	DATI	SP	ROM	READ	YES	NO	ON	01011011	01011	0	1	1	1	0	0	1	1	0	1	1	0	1	1	0	0	0	10	11	00	1111	0101101101011011100110110110001011001111
S4-1	211	014	22	0	INTR	A_minus_B_minus_1	LOAD	BREG/+1	DATI	SP	IRD	READ	YES	NO	OFF	11110011	10010	0	1	1	1	0	0	1	1	0	0	0	0	1	1	0	1	0	10	11	11	0100	1111001110010011100110000110101011110100
S5-1	213	017	22	0	INTR	A_minus_B_minus_1	LOAD	BREG/+1	DATI	SP	IRD	READ	NO	NO	OFF	11110000	10010	0	1	1	1	0	0	1	1	0	0	0	0	1	1	0	1	1	10	11	11	0100	1111000010010011100110000110111011110100
S6-1	215	025	01	7	NON	AL	HOLD	BREG	DATI	SP	ROM	READ	NO	NO	OFF	11101010	00001	0	1	1	1	1	0	1	1	1	1	1	0	1	1	1	1	1	10	11	00	1111	1110101000001011110111110111111011001111
S6-2	025	026	14	7	NON	A_plus_B	LOAD	BREG/+1	NONE	SP	ROM	READ	NO	NO	OFF	11101001	01100	1	1	1	1	1	0	1	1	1	1	0	1	1	1	1	1	1	11	11	11	1111	1110100101100111110111101111111111111111
S6-3	026	027	13	7	NON	BL	HOLD	BREG	NONE	SP	ROM	WRITE	NO	NO	ON	11101000	01011	0	1	1	1	1	0	1	1	1	1	1	1	1	0	1	0	1	11	11	00	1111	1110100001011011110111111101011111001111
S6-4	027	030	01	0	NON	AL	LOAD	BREG	NONE	NULL	BA	READ	NO	NO	OFF	11100111	00001	0	1	1	1	0	0	1	0	0	0	1	1	1	1	0	1	1	11	10	11	1111	1110011100001011100100011110111110111111
S6-5	030	244	14	0	NON	A_plus_B	HOLD	BREG	DATI	SP	IRD	READ	YES	NO	ON	01011011	01100	0	1	1	1	0	0	1	1	0	0	1	0	1	1	0	0	0	10	11	00	1111	0101101101100011100110010110001011001111
S7-1	217	032	01	7	NON	AL	HOLD	BREG	DATI	SP	ROM	READ	NO	NO	OFF	11100101	00001	0	1	1	1	1	0	1	1	1	1	1	0	1	1	1	1	1	10	11	00	1111	1110010100001011110111110111111011001111
S7-2	032	033	14	7	NON	A_plus_B	LOAD	BREG/+1	NONE	SP	ROM	READ	NO	NO	OFF	11100100	01100	1	1	1	1	1	0	1	1	1	1	0	1	1	1	1	1	1	11	11	11	1111	1110010001100111110111101111111111111111
S7-3	033	034	13	7	NON	BL	HOLD	BREG	NONE	SP	ROM	WRITE	NO	NO	ON	11100011	01011	0	1	1	1	1	0	1	1	1	1	1	1	1	0	1	0	1	11	11	00	1111	1110001101011011110111111101011111001111
S7-4	034	035	01	0	NON	AL	LOAD	BREG	NONE	NULL	BA	READ	NO	NO	OFF	11100010	00001	0	1	1	1	0	0	1	0	0	0	1	1	1	1	0	1	1	11	10	11	1111	1110001000001011100100011110111110111111
S7-5	035	134	14	0	NON	A_plus_B	HOLD	BREG	DATI	SP	IRD	READ	NO	NO	ON	10100011	01100	0	1	1	1	0	0	1	1	0	0	1	0	1	1	0	0	1	10	11	00	1111	1010001101100011100110010110011011001111
SB1-1	166	172	34	0	NON	ASR	SRIGHT	BREG	NONE	SP	ROM	READ	NO	SHIFT	OFF	10000101	11100	0	0	1	1	0	0	1	1	0	1	1	1	1	1	0	1	1	11	11	01	1111	1000010111100001100110111110111111011111
SB1-2	172	173	34	0	NON	ASR	SRIGHT	BREG	NONE	SP	ROM	READ	NO	SHIFT	OFF	10000100	11100	0	0	1	1	0	0	1	1	0	1	1	1	1	1	0	1	1	11	11	01	1111	1000010011100001100110111110111111011111
SB1-3	173	174	34	0	NON	ASR	SRIGHT	BREG	NONE	SP	ROM	READ	NO	SHIFT	OFF	10000011	11100	0	0	1	1	0	0	1	1	0	1	1	1	1	1	0	1	1	11	11	01	1111	1000001111100001100110111110111111011111
SB1-4	174	144	34	0	NON	ASR	SRIGHT	BREG	NONE	SP	ROM	READ	NO	SHIFT	OFF	10011011	11100	0	0	1	1	0	0	1	1	0	1	1	1	1	1	0	1	1	11	11	01	1111	1001101111100001100110111110111111011111
SB1-5	144	176	34	0	NON	ASR	SRIGHT	BREG	NONE	SP	ROM	READ	NO	SHIFT	OFF	10000001	11100	0	0	1	1	0	0	1	1	0	1	1	1	1	1	0	1	1	11	11	01	1111	1000000111100001100110111110111111011111
SB1-6	176	177	34	0	NON	ASR	SRIGHT	BREG	NONE	SP	ROM	READ	NO	SHIFT	OFF	10000000	11100	0	0	1	1	0	0	1	1	0	1	1	1	1	1	0	1	1	11	11	01	1111	1000000011100001100110111110111111011111
SB1-7	177	006	34	0	NON	ASR	SRIGHT	BREG	NONE	SP	ROM	READ	NO	SHIFT	OFF	11111001	11100	0	0	1	1	0	0	1	1	0	1	1	1	1	1	0	1	1	11	11	01	1111	1111100111100001100110111110111111011111
SB1-8	006	155	34	0	NON	ASR	SRIGHT	BREG	NONE	SP	ROM	READ	NO	NO	OFF	10010010	11100	0	1	1	1	0	0	1	1	0	1	1	1	1	1	0	1	1	11	11	01	1111	1001001011100011100110111110111111011111
SB2-1	167	012	34	0	NON	ASR	SRIGHT	BREG	NONE	SP	ROM	READ	NO	SHIFT	OFF	11110101	11100	0	0	1	1	0	0	1	1	0	1	1	1	1	1	0	1	1	11	11	01	1111	1111010111100001100110111110111111011111
SB2-2	012	220	34	0	NON	ASR	SRIGHT	BREG	NONE	SP	ROM	READ	NO	SHIFT	OFF	01101111	11100	0	0	1	1	0	0	1	1	0	1	1	1	1	1	0	1	1	11	11	01	1111	0110111111100001100110111110111111011111
SB2-3	220	022	34	0	NON	ASR	SRIGHT	BREG	NONE	SP	ROM	READ	NO	SHIFT	OFF	11101101	11100	0	0	1	1	0	0	1	1	0	1	1	1	1	1	0	1	1	11	11	01	1111	1110110111100001100110111110111111011111
SB2-4	022	023	34	0	NON	ASR	SRIGHT	BREG	NONE	SP	ROM	READ	NO	SHIFT	OFF	11101100	11100	0	0	1	1	0	0	1	1	0	1	1	1	1	1	0	1	1	11	11	01	1111	1110110011100001100110111110111111011111
SB2-5	023	024	34	0	NON	ASR	SRIGHT	BREG	NONE	SP	ROM	READ	NO	SHIFT	OFF	11101011	11100	0	0	1	1	0	0	1	1	0	1	1	1	1	1	0	1	1	11	11	01	1111	1110101111100001100110111110111111011111
SB2-6	024	031	34	0	NON	ASR	SRIGHT	BREG	NONE	SP	ROM	READ	NO	SHIFT	OFF	11100110	11100	0	0	1	1	0	0	1	1	0	1	1	1	1	1	0	1	1	11	11	01	1111	1110011011100001100110111110111111011111
SB2-7	031	330	34	0	NON	ASR	SRIGHT	BREG	NONE	SP	ROM	READ	NO	SHIFT	OFF	00100111	11100	0	0	1	1	0	0	1	1	0	1	1	1	1	1	0	1	1	11	11	01	1111	0010011111100001100110111110111111011111
SB2-8	330	163	34	0	NON	ASR	SRIGHT	BREG	NONE	SP	ROM	READ	NO	NO	OFF	10001100	11100	0	1	1	1	0	0	1	1	0	1	1	1	1	1	0	1	1	11	11	01	1111	1000110011100011100110111110111111011111
SBF-1	047	001	13	8	UNARY	BL	HOLD	SEX	NONE	SP	ROM	WRITE	NO	NO	OFF	11111110	01011	0	1	1	1	0	1	1	1	0	1	1	1	0	0	0	1	1	11	11	00	1001	1111111001011011101110111000111111001001
SBO-1	067	346	01	0	NON	AL	SLEFT	BREG	NONE	SP	ROM	READ	NO	SHIFT	OFF	00011001	00001	0	0	1	1	0	0	1	1	0	1	1	1	1	1	0	1	1	11	11	10	1111	0001100100001001100110111110111111101111
SBO-2	346	324	01	0	NON	AL	SLEFT	BREG	NONE	SP	ROM	READ	NO	SHIFT	OFF	00101011	00001	0	0	1	1	0	0	1	1	0	1	1	1	1	1	0	1	1	11	11	10	1111	0010101100001001100110111110111111101111
SBO-3	324	340	01	0	NON	AL	SLEFT	BREG	NONE	SP	ROM	READ	NO	SHIFT	OFF	00011111	00001	0	0	1	1	0	0	1	1	0	1	1	1	1	1	0	1	1	11	11	10	1111	0001111100001001100110111110111111101111
SBO-4	340	361	01	0	NON	AL	SLEFT	BREG	NONE	SP	ROM	READ	NO	SHIFT	OFF	00001110	00001	0	0	1	1	0	0	1	1	0	1	1	1	1	1	0	1	1	11	11	10	1111	0000111000001001100110111110111111101111
SBO-5	361	050	01	0	NON	AL	SLEFT	BREG	NONE	SP	ROM	READ	NO	SHIFT	OFF	11010111	00001	0	0	1	1	0	0	1	1	0	1	1	1	1	1	0	1	1	11	11	10	1111	1101011100001001100110111110111111101111
SBO-6	050	020	01	0	NON	AL	SLEFT	BREG	NONE	SP	ROM	READ	NO	SHIFT	OFF	11101111	00001	0	0	1	1	0	0	1	1	0	1	1	1	1	1	0	1	1	11	11	10	1111	1110111100001001100110111110111111101111
SBO-7	020	052	01	0	NON	AL	SLEFT	BREG	NONE	SP	ROM	READ	NO	SHIFT	OFF	11010101	00001	0	0	1	1	0	0	1	1	0	1	1	1	1	1	0	1	1	11	11	10	1111	1101010100001001100110111110111111101111
SBO-8	052	047	01	0	NON	AL	SLEFT	BREG	NONE	SP	ROM	READ	NO	NO	OFF	11011000	00001	0	1	1	1	0	0	1	1	0	1	1	1	1	1	0	1	1	11	11	10	1111	1101100000001011100110111110111111101111
SC-1	116	040	11	0	BYTE	A_or_B	HOLD	BREG	NONE	PSW	ROM	READ	NO	NO	OFF	11011111	01001	0	1	1	0	0	0	1	1	0	1	1	1	1	1	0	1	1	11	00	00	1100	1101111101001011000110111110111100001100
T-1	021	245	01	4	JMP/JSR	AL	LOAD	BREG	NONE	NULL	ROM	WRITE	NO	NO	OFF	01011010	00001	0	1	1	1	0	0	1	1	0	1	1	1	1	0	1	1	1	11	10	11	1101	0101101000001011100110111101111110111101
U1-1	352	162	13	8	NON	BL	HOLD	BREG	NONE	SP	ROM	WRITE	NO	NO	ON	10001101	01011	0	1	1	1	0	1	1	1	0	1	1	1	1	0	0	0	1	11	11	00	1111	1000110101011011101110111100011111001111
U2-1	353	163	13	8	NON	BL	HOLD	BREG	NONE	SP	ROM	WRITE	NO	NO	ON	10001100	01011	0	1	1	1	0	1	1	1	0	1	1	1	1	0	0	0	1	11	11	00	1111	1000110001011011101110111100011111001111
U3-1	354	164	13	8	NON	BL	HOLD	BREG	NONE	SP	ROM	WRITE	NO	NO	ON	10001011	01011	0	1	1	1	0	1	1	1	0	1	1	1	1	0	0	0	1	11	11	00	1111	1000101101011011101110111100011111001111
U4-1	355	165	13	8	NON	BL	HOLD	BREG	NONE	SP	ROM	WRITE	NO	NO	ON	10001010	01011	0	1	1	1	0	1	1	1	0	1	1	1	1	0	0	0	1	11	11	00	1111	1000101001011011101110111100011111001111
U5-1	373	163	13	8	NON	BL	HOLD	BREG	NONE	SP	ROM	WRITE	NO	NO	ON	10001100	01011	0	1	1	1	0	1	1	1	0	1	1	1	1	0	0	0	1	11	11	00	1111	1000110001011011101110111100011111001111
URTR	064	245	01	14	JMP/JSR	AL	LOAD	BREG	NONE	NULL	ROM	WRITE	NO	NO	OFF	01011010	00001	0	1	1	1	1	1	1	1	0	1	1	1	1	0	1	1	1	11	10	11	1101	0101101000001011111110111101111110111101
URTX	060	245	01	1	JMP/JSR	AL	LOAD	BREG	NONE	NULL	ROM	READ	NO	NO	OFF	01011010	00001	0	1	1	1	0	0	1	1	1	1	1	1	1	1	0	1	1	11	10	11	1101	0101101000001011100111111110111110111101
W-1	063	040	01	0	BYTE	AL	HOLD	BREG	NONE	SP	ROM	READ	NO	NO	OFF	11011111	00001	0	1	1	1	0	0	1	1	0	1	1	1	1	1	0	1	1	11	11	00	1100	1101111100001011100110111110111111001100
